country,date,new death
Argentina,2/17/2020,0
Argentina,2/18/2020,0
Argentina,2/19/2020,0
Argentina,2/20/2020,0
Argentina,2/21/2020,0
Argentina,2/22/2020,0
Argentina,2/23/2020,0
Argentina,2/24/2020,0
Argentina,2/25/2020,0
Argentina,2/26/2020,0
Argentina,2/27/2020,0
Argentina,2/28/2020,0
Argentina,2/29/2020,0
Argentina,3/1/2020,0
Argentina,3/2/2020,0
Argentina,3/3/2020,0
Argentina,3/4/2020,0
Argentina,3/5/2020,0
Argentina,3/6/2020,0
Argentina,3/7/2020,0
Argentina,3/8/2020,1
Argentina,3/9/2020,0
Argentina,3/10/2020,0
Argentina,3/11/2020,1
Argentina,3/12/2020,0
Argentina,3/13/2020,0
Argentina,3/14/2020,0
Argentina,3/15/2020,0
Argentina,3/16/2020,0
Argentina,3/17/2020,0
Argentina,3/18/2020,0
Argentina,3/19/2020,1
Argentina,3/20/2020,0
Argentina,3/21/2020,1
Argentina,3/22/2020,0
Argentina,3/23/2020,0
Argentina,3/24/2020,2
Argentina,3/25/2020,2
Argentina,3/26/2020,1
Argentina,3/27/2020,4
Argentina,3/28/2020,5
Argentina,3/29/2020,1
Argentina,3/30/2020,4
Argentina,3/31/2020,4
Argentina,4/1/2020,1
Argentina,4/2/2020,8
Argentina,4/3/2020,3
Argentina,4/4/2020,4
Argentina,4/5/2020,1
Argentina,4/6/2020,4
Argentina,4/7/2020,8
Argentina,4/8/2020,7
Argentina,4/9/2020,9
Argentina,4/10/2020,10
Argentina,4/11/2020,1
Argentina,4/12/2020,7
Argentina,4/13/2020,7
Argentina,4/14/2020,5
Argentina,4/15/2020,9
Argentina,4/16/2020,4
Argentina,4/17/2020,8
Argentina,4/18/2020,6
Argentina,4/19/2020,3
Argentina,4/20/2020,4
Argentina,4/21/2020,11
Argentina,4/22/2020,5
Argentina,4/23/2020,6
Argentina,4/24/2020,7
Argentina,4/25/2020,11
Argentina,4/26/2020,9
Argentina,4/27/2020,7
Argentina,4/28/2020,5
Argentina,4/29/2020,10
Argentina,4/30/2020,7
Argentina,5/1/2020,4
Argentina,5/2/2020,7
Argentina,5/3/2020,12
Argentina,5/4/2020,9
Argentina,5/5/2020,14
Argentina,5/6/2020,4
Argentina,5/7/2020,9
Argentina,5/8/2020,9
Argentina,5/9/2020,11
Argentina,5/10/2020,7
Argentina,5/11/2020,5
Argentina,5/12/2020,9
Argentina,5/13/2020,5
Argentina,5/14/2020,10
Argentina,5/15/2020,24
Argentina,5/16/2020,3
Argentina,5/17/2020,7
Argentina,5/18/2020,10
Argentina,5/19/2020,9
Argentina,5/20/2020,11
Argentina,5/21/2020,10
Belgium,2/17/2020,0
Belgium,2/18/2020,0
Belgium,2/19/2020,0
Belgium,2/20/2020,0
Belgium,2/21/2020,0
Belgium,2/22/2020,0
Belgium,2/23/2020,0
Belgium,2/24/2020,0
Belgium,2/25/2020,0
Belgium,2/26/2020,0
Belgium,2/27/2020,0
Belgium,2/28/2020,0
Belgium,2/29/2020,0
Belgium,3/1/2020,0
Belgium,3/2/2020,0
Belgium,3/3/2020,0
Belgium,3/4/2020,0
Belgium,3/5/2020,0
Belgium,3/6/2020,0
Belgium,3/7/2020,0
Belgium,3/8/2020,0
Belgium,3/9/2020,0
Belgium,3/10/2020,0
Belgium,3/11/2020,3
Belgium,3/12/2020,0
Belgium,3/13/2020,0
Belgium,3/14/2020,1
Belgium,3/15/2020,0
Belgium,3/16/2020,1
Belgium,3/17/2020,5
Belgium,3/18/2020,4
Belgium,3/19/2020,7
Belgium,3/20/2020,16
Belgium,3/21/2020,30
Belgium,3/22/2020,8
Belgium,3/23/2020,13
Belgium,3/24/2020,34
Belgium,3/25/2020,56
Belgium,3/26/2020,42
Belgium,3/27/2020,69
Belgium,3/28/2020,64
Belgium,3/29/2020,78
Belgium,3/30/2020,82
Belgium,3/31/2020,192
Belgium,4/1/2020,123
Belgium,4/2/2020,183
Belgium,4/3/2020,132
Belgium,4/4/2020,140
Belgium,4/5/2020,164
Belgium,4/6/2020,185
Belgium,4/7/2020,403
Belgium,4/8/2020,205
Belgium,4/9/2020,283
Belgium,4/10/2020,496
Belgium,4/11/2020,327
Belgium,4/12/2020,254
Belgium,4/13/2020,303
Belgium,4/14/2020,254
Belgium,4/15/2020,283
Belgium,4/16/2020,417
Belgium,4/17/2020,306
Belgium,4/18/2020,290
Belgium,4/19/2020,230
Belgium,4/20/2020,145
Belgium,4/21/2020,170
Belgium,4/22/2020,264
Belgium,4/23/2020,88
Belgium,4/24/2020,140
Belgium,4/25/2020,189
Belgium,4/26/2020,238
Belgium,4/27/2020,177
Belgium,4/28/2020,113
Belgium,4/29/2020,124
Belgium,4/30/2020,170
Belgium,5/1/2020,93
Belgium,5/2/2020,109
Belgium,5/3/2020,62
Belgium,5/4/2020,79
Belgium,5/5/2020,80
Belgium,5/6/2020,92
Belgium,5/7/2020,323
Belgium,5/8/2020,76
Belgium,5/9/2020,106
Belgium,5/10/2020,60
Belgium,5/11/2020,75
Belgium,5/12/2020,51
Belgium,5/13/2020,54
Belgium,5/14/2020,82
Belgium,5/15/2020,60
Belgium,5/16/2020,56
Belgium,5/17/2020,46
Belgium,5/18/2020,47
Belgium,5/19/2020,28
Belgium,5/20/2020,28
Belgium,5/21/2020,42
Brazil,2/17/2020,0
Brazil,2/18/2020,0
Brazil,2/19/2020,0
Brazil,2/20/2020,0
Brazil,2/21/2020,0
Brazil,2/22/2020,0
Brazil,2/23/2020,0
Brazil,2/24/2020,0
Brazil,2/25/2020,0
Brazil,2/26/2020,0
Brazil,2/27/2020,0
Brazil,2/28/2020,0
Brazil,2/29/2020,0
Brazil,3/1/2020,0
Brazil,3/2/2020,0
Brazil,3/3/2020,0
Brazil,3/4/2020,0
Brazil,3/5/2020,0
Brazil,3/6/2020,0
Brazil,3/7/2020,0
Brazil,3/8/2020,0
Brazil,3/9/2020,0
Brazil,3/10/2020,0
Brazil,3/11/2020,0
Brazil,3/12/2020,0
Brazil,3/13/2020,0
Brazil,3/14/2020,0
Brazil,3/15/2020,0
Brazil,3/16/2020,0
Brazil,3/17/2020,1
Brazil,3/18/2020,2
Brazil,3/19/2020,3
Brazil,3/20/2020,5
Brazil,3/21/2020,4
Brazil,3/22/2020,10
Brazil,3/23/2020,9
Brazil,3/24/2020,12
Brazil,3/25/2020,13
Brazil,3/26/2020,18
Brazil,3/27/2020,15
Brazil,3/28/2020,19
Brazil,3/29/2020,25
Brazil,3/30/2020,23
Brazil,3/31/2020,42
Brazil,4/1/2020,39
Brazil,4/2/2020,84
Brazil,4/3/2020,35
Brazil,4/4/2020,86
Brazil,4/5/2020,41
Brazil,4/6/2020,78
Brazil,4/7/2020,122
Brazil,4/8/2020,133
Brazil,4/9/2020,131
Brazil,4/10/2020,107
Brazil,4/11/2020,67
Brazil,4/12/2020,99
Brazil,4/13/2020,105
Brazil,4/14/2020,204
Brazil,4/15/2020,204
Brazil,4/16/2020,188
Brazil,4/17/2020,217
Brazil,4/18/2020,213
Brazil,4/19/2020,108
Brazil,4/20/2020,125
Brazil,4/21/2020,154
Brazil,4/22/2020,165
Brazil,4/23/2020,194
Brazil,4/24/2020,231
Brazil,4/25/2020,373
Brazil,4/26/2020,353
Brazil,4/27/2020,229
Brazil,4/28/2020,317
Brazil,4/29/2020,480
Brazil,4/30/2020,430
Brazil,5/1/2020,493
Brazil,5/2/2020,406
Brazil,5/3/2020,349
Brazil,5/4/2020,290
Brazil,5/5/2020,316
Brazil,5/6/2020,571
Brazil,5/7/2020,650
Brazil,5/8/2020,602
Brazil,5/9/2020,827
Brazil,5/10/2020,639
Brazil,5/11/2020,467
Brazil,5/12/2020,530
Brazil,5/13/2020,808
Brazil,5/14/2020,779
Brazil,5/15/2020,759
Brazil,5/16/2020,963
Brazil,5/17/2020,700
Brazil,5/18/2020,456
Brazil,5/19/2020,735
Brazil,5/20/2020,1130
Brazil,5/21/2020,876
Canada,2/17/2020,0
Canada,2/18/2020,0
Canada,2/19/2020,0
Canada,2/20/2020,0
Canada,2/21/2020,0
Canada,2/22/2020,0
Canada,2/23/2020,0
Canada,2/24/2020,0
Canada,2/25/2020,0
Canada,2/26/2020,0
Canada,2/27/2020,0
Canada,2/28/2020,0
Canada,2/29/2020,0
Canada,3/1/2020,0
Canada,3/2/2020,0
Canada,3/3/2020,0
Canada,3/4/2020,0
Canada,3/5/2020,0
Canada,3/6/2020,0
Canada,3/7/2020,0
Canada,3/8/2020,0
Canada,3/9/2020,1
Canada,3/10/2020,0
Canada,3/11/2020,0
Canada,3/12/2020,0
Canada,3/13/2020,0
Canada,3/14/2020,0
Canada,3/15/2020,0
Canada,3/16/2020,3
Canada,3/17/2020,0
Canada,3/18/2020,7
Canada,3/19/2020,1
Canada,3/20/2020,3
Canada,3/21/2020,7
Canada,3/22/2020,2
Canada,3/23/2020,4
Canada,3/24/2020,1
Canada,3/25/2020,4
Canada,3/26/2020,8
Canada,3/27/2020,16
Canada,3/28/2020,7
Canada,3/29/2020,3
Canada,3/30/2020,16
Canada,3/31/2020,21
Canada,4/1/2020,8
Canada,4/2/2020,30
Canada,4/3/2020,40
Canada,4/4/2020,39
Canada,4/5/2020,41
Canada,4/6/2020,80
Canada,4/7/2020,36
Canada,4/8/2020,32
Canada,4/9/2020,96
Canada,4/10/2020,54
Canada,4/11/2020,97
Canada,4/12/2020,59
Canada,4/13/2020,67
Canada,4/14/2020,120
Canada,4/15/2020,107
Canada,4/16/2020,251
Canada,4/17/2020,97
Canada,4/18/2020,45
Canada,4/19/2020,164
Canada,4/20/2020,162
Canada,4/21/2020,183
Canada,4/22/2020,168
Canada,4/23/2020,23
Canada,4/24/2020,141
Canada,4/25/2020,145
Canada,4/26/2020,163
Canada,4/27/2020,114
Canada,4/28/2020,178
Canada,4/29/2020,142
Canada,4/30/2020,172
Canada,5/1/2020,155
Canada,5/2/2020,227
Canada,5/3/2020,147
Canada,5/4/2020,111
Canada,5/5/2020,208
Canada,5/6/2020,187
Canada,5/7/2020,176
Canada,5/8/2020,175
Canada,5/9/2020,156
Canada,5/10/2020,126
Canada,5/11/2020,168
Canada,5/12/2020,124
Canada,5/13/2020,185
Canada,5/14/2020,125
Canada,5/15/2020,167
Canada,5/16/2020,87
Canada,5/17/2020,121
Canada,5/18/2020,103
Canada,5/19/2020,57
Canada,5/20/2020,68
Canada,5/21/2020,122
Chile,2/17/2020,0
Chile,2/18/2020,0
Chile,2/19/2020,0
Chile,2/20/2020,0
Chile,2/21/2020,0
Chile,2/22/2020,0
Chile,2/23/2020,0
Chile,2/24/2020,0
Chile,2/25/2020,0
Chile,2/26/2020,0
Chile,2/27/2020,0
Chile,2/28/2020,0
Chile,2/29/2020,0
Chile,3/1/2020,0
Chile,3/2/2020,0
Chile,3/3/2020,0
Chile,3/4/2020,0
Chile,3/5/2020,0
Chile,3/6/2020,0
Chile,3/7/2020,0
Chile,3/8/2020,0
Chile,3/9/2020,0
Chile,3/10/2020,0
Chile,3/11/2020,0
Chile,3/12/2020,0
Chile,3/13/2020,0
Chile,3/14/2020,0
Chile,3/15/2020,0
Chile,3/16/2020,0
Chile,3/17/2020,0
Chile,3/18/2020,0
Chile,3/19/2020,0
Chile,3/20/2020,0
Chile,3/21/2020,0
Chile,3/22/2020,1
Chile,3/23/2020,1
Chile,3/24/2020,0
Chile,3/25/2020,1
Chile,3/26/2020,1
Chile,3/27/2020,1
Chile,3/28/2020,1
Chile,3/29/2020,1
Chile,3/30/2020,1
Chile,3/31/2020,4
Chile,4/1/2020,4
Chile,4/2/2020,2
Chile,4/3/2020,4
Chile,4/4/2020,5
Chile,4/5/2020,7
Chile,4/6/2020,3
Chile,4/7/2020,6
Chile,4/8/2020,5
Chile,4/9/2020,9
Chile,4/10/2020,8
Chile,4/11/2020,8
Chile,4/12/2020,7
Chile,4/13/2020,2
Chile,4/14/2020,10
Chile,4/15/2020,2
Chile,4/16/2020,11
Chile,4/17/2020,11
Chile,4/18/2020,10
Chile,4/19/2020,7
Chile,4/20/2020,6
Chile,4/21/2020,8
Chile,4/22/2020,13
Chile,4/23/2020,5
Chile,4/24/2020,3
Chile,4/25/2020,6
Chile,4/26/2020,7
Chile,4/27/2020,8
Chile,4/28/2020,9
Chile,4/29/2020,9
Chile,4/30/2020,9
Chile,5/1/2020,11
Chile,5/2/2020,7
Chile,5/3/2020,13
Chile,5/4/2020,13
Chile,5/5/2020,10
Chile,5/6/2020,5
Chile,5/7/2020,6
Chile,5/8/2020,4
Chile,5/9/2020,9
Chile,5/10/2020,10
Chile,5/11/2020,8
Chile,5/12/2020,11
Chile,5/13/2020,12
Chile,5/14/2020,11
Chile,5/15/2020,22
Chile,5/16/2020,26
Chile,5/17/2020,27
Chile,5/18/2020,29
Chile,5/19/2020,28
Chile,5/20/2020,31
Chile,5/21/2020,35
Croatia,2/17/2020,0
Croatia,2/18/2020,0
Croatia,2/19/2020,0
Croatia,2/20/2020,0
Croatia,2/21/2020,0
Croatia,2/22/2020,0
Croatia,2/23/2020,0
Croatia,2/24/2020,0
Croatia,2/25/2020,0
Croatia,2/26/2020,0
Croatia,2/27/2020,0
Croatia,2/28/2020,0
Croatia,2/29/2020,0
Croatia,3/1/2020,0
Croatia,3/2/2020,0
Croatia,3/3/2020,0
Croatia,3/4/2020,0
Croatia,3/5/2020,0
Croatia,3/6/2020,0
Croatia,3/7/2020,0
Croatia,3/8/2020,0
Croatia,3/9/2020,0
Croatia,3/10/2020,0
Croatia,3/11/2020,0
Croatia,3/12/2020,0
Croatia,3/13/2020,0
Croatia,3/14/2020,0
Croatia,3/15/2020,0
Croatia,3/16/2020,0
Croatia,3/17/2020,0
Croatia,3/18/2020,0
Croatia,3/19/2020,1
Croatia,3/20/2020,0
Croatia,3/21/2020,0
Croatia,3/22/2020,0
Croatia,3/23/2020,0
Croatia,3/24/2020,0
Croatia,3/25/2020,0
Croatia,3/26/2020,2
Croatia,3/27/2020,0
Croatia,3/28/2020,2
Croatia,3/29/2020,1
Croatia,3/30/2020,0
Croatia,3/31/2020,0
Croatia,4/1/2020,0
Croatia,4/2/2020,1
Croatia,4/3/2020,1
Croatia,4/4/2020,4
Croatia,4/5/2020,3
Croatia,4/6/2020,1
Croatia,4/7/2020,2
Croatia,4/8/2020,1
Croatia,4/9/2020,1
Croatia,4/10/2020,1
Croatia,4/11/2020,0
Croatia,4/12/2020,2
Croatia,4/13/2020,2
Croatia,4/14/2020,6
Croatia,4/15/2020,2
Croatia,4/16/2020,2
Croatia,4/17/2020,1
Croatia,4/18/2020,3
Croatia,4/19/2020,8
Croatia,4/20/2020,0
Croatia,4/21/2020,1
Croatia,4/22/2020,0
Croatia,4/23/2020,1
Croatia,4/24/2020,1
Croatia,4/25/2020,1
Croatia,4/26/2020,3
Croatia,4/27/2020,1
Croatia,4/28/2020,4
Croatia,4/29/2020,4
Croatia,4/30/2020,4
Croatia,5/1/2020,2
Croatia,5/2/2020,6
Croatia,5/3/2020,2
Croatia,5/4/2020,2
Croatia,5/5/2020,1
Croatia,5/6/2020,3
Croatia,5/7/2020,2
Croatia,5/8/2020,1
Croatia,5/9/2020,0
Croatia,5/10/2020,1
Croatia,5/11/2020,3
Croatia,5/12/2020,1
Croatia,5/13/2020,0
Croatia,5/14/2020,3
Croatia,5/15/2020,0
Croatia,5/16/2020,1
Croatia,5/17/2020,0
Croatia,5/18/2020,0
Croatia,5/19/2020,0
Croatia,5/20/2020,1
Croatia,5/21/2020,0
France,2/17/2020,0
France,2/18/2020,0
France,2/19/2020,0
France,2/20/2020,0
France,2/21/2020,0
France,2/22/2020,0
France,2/23/2020,0
France,2/24/2020,0
France,2/25/2020,1
France,2/26/2020,1
France,2/27/2020,0
France,2/28/2020,0
France,2/29/2020,0
France,3/1/2020,0
France,3/2/2020,1
France,3/3/2020,1
France,3/4/2020,0
France,3/5/2020,2
France,3/6/2020,3
France,3/7/2020,2
France,3/8/2020,8
France,3/9/2020,0
France,3/10/2020,14
France,3/11/2020,15
France,3/12/2020,31
France,3/13/2020,1
France,3/14/2020,11
France,3/15/2020,0
France,3/16/2020,57
France,3/17/2020,0
France,3/18/2020,0
France,3/19/2020,95
France,3/20/2020,207
France,3/21/2020,112
France,3/22/2020,114
France,3/23/2020,186
France,3/24/2020,240
France,3/25/2020,231
France,3/26/2020,365
France,3/27/2020,299
France,3/28/2020,320
France,3/29/2020,294
France,3/30/2020,419
France,3/31/2020,502
France,4/1/2020,511
France,4/2/2020,1355
France,4/3/2020,1122
France,4/4/2020,1054
France,4/5/2020,519
France,4/6/2020,833
France,4/7/2020,1417
France,4/8/2020,544
France,4/9/2020,1341
France,4/10/2020,987
France,4/11/2020,636
France,4/12/2020,561
France,4/13/2020,574
France,4/14/2020,762
France,4/15/2020,1440
France,4/16/2020,753
France,4/17/2020,762
France,4/18/2020,642
France,4/19/2020,399
France,4/20/2020,548
France,4/21/2020,537
France,4/22/2020,544
France,4/23/2020,127
France,4/24/2020,389
France,4/25/2020,390
France,4/26/2020,369
France,4/27/2020,242
France,4/28/2020,437
France,4/29/2020,367
France,4/30/2020,427
France,5/1/2020,289
France,5/2/2020,218
France,5/3/2020,135
France,5/4/2020,137
France,5/5/2020,304
France,5/6/2020,333
France,5/7/2020,275
France,5/8/2020,178
France,5/9/2020,243
France,5/10/2020,80
France,5/11/2020,70
France,5/12/2020,263
France,5/13/2020,348
France,5/14/2020,83
France,5/15/2020,351
France,5/16/2020,104
France,5/17/2020,0
France,5/18/2020,579
France,5/19/2020,131
France,5/20/2020,217
France,5/21/2020,110
Germany,2/17/2020,0
Germany,2/18/2020,0
Germany,2/19/2020,0
Germany,2/20/2020,0
Germany,2/21/2020,0
Germany,2/22/2020,0
Germany,2/23/2020,0
Germany,2/24/2020,0
Germany,2/25/2020,0
Germany,2/26/2020,0
Germany,2/27/2020,0
Germany,2/28/2020,0
Germany,2/29/2020,0
Germany,3/1/2020,0
Germany,3/2/2020,0
Germany,3/3/2020,0
Germany,3/4/2020,0
Germany,3/5/2020,0
Germany,3/6/2020,0
Germany,3/7/2020,0
Germany,3/8/2020,0
Germany,3/9/2020,2
Germany,3/10/2020,0
Germany,3/11/2020,1
Germany,3/12/2020,0
Germany,3/13/2020,2
Germany,3/14/2020,4
Germany,3/15/2020,2
Germany,3/16/2020,6
Germany,3/17/2020,7
Germany,3/18/2020,4
Germany,3/19/2020,16
Germany,3/20/2020,23
Germany,3/21/2020,17
Germany,3/22/2020,10
Germany,3/23/2020,29
Germany,3/24/2020,34
Germany,3/25/2020,49
Germany,3/26/2020,61
Germany,3/27/2020,75
Germany,3/28/2020,91
Germany,3/29/2020,100
Germany,3/30/2020,112
Germany,3/31/2020,130
Germany,4/1/2020,145
Germany,4/2/2020,187
Germany,4/3/2020,168
Germany,4/4/2020,169
Germany,4/5/2020,140
Germany,4/6/2020,226
Germany,4/7/2020,206
Germany,4/8/2020,333
Germany,4/9/2020,258
Germany,4/10/2020,160
Germany,4/11/2020,31
Germany,4/12/2020,286
Germany,4/13/2020,172
Germany,4/14/2020,100
Germany,4/15/2020,510
Germany,4/16/2020,248
Germany,4/17/2020,300
Germany,4/18/2020,107
Germany,4/19/2020,127
Germany,4/20/2020,276
Germany,4/21/2020,171
Germany,4/22/2020,246
Germany,4/23/2020,21
Germany,4/24/2020,275
Germany,4/25/2020,185
Germany,4/26/2020,117
Germany,4/27/2020,99
Germany,4/28/2020,150
Germany,4/29/2020,188
Germany,4/30/2020,153
Germany,5/1/2020,156
Germany,5/2/2020,113
Germany,5/3/2020,76
Germany,5/4/2020,54
Germany,5/5/2020,127
Germany,5/6/2020,0
Germany,5/7/2020,282
Germany,5/8/2020,117
Germany,5/9/2020,118
Germany,5/10/2020,39
Germany,5/11/2020,20
Germany,5/12/2020,92
Germany,5/13/2020,77
Germany,5/14/2020,123
Germany,5/15/2020,23
Germany,5/16/2020,13
Germany,5/17/2020,41
Germany,5/18/2020,24
Germany,5/19/2020,41
Germany,5/20/2020,78
Germany,5/21/2020,63
Greece,2/17/2020,0
Greece,2/18/2020,0
Greece,2/19/2020,0
Greece,2/20/2020,0
Greece,2/21/2020,0
Greece,2/22/2020,0
Greece,2/23/2020,0
Greece,2/24/2020,0
Greece,2/25/2020,0
Greece,2/26/2020,0
Greece,2/27/2020,0
Greece,2/28/2020,0
Greece,2/29/2020,0
Greece,3/1/2020,0
Greece,3/2/2020,0
Greece,3/3/2020,0
Greece,3/4/2020,0
Greece,3/5/2020,0
Greece,3/6/2020,0
Greece,3/7/2020,0
Greece,3/8/2020,0
Greece,3/9/2020,0
Greece,3/10/2020,0
Greece,3/11/2020,1
Greece,3/12/2020,0
Greece,3/13/2020,0
Greece,3/14/2020,2
Greece,3/15/2020,1
Greece,3/16/2020,0
Greece,3/17/2020,1
Greece,3/18/2020,0
Greece,3/19/2020,1
Greece,3/20/2020,0
Greece,3/21/2020,7
Greece,3/22/2020,2
Greece,3/23/2020,2
Greece,3/24/2020,3
Greece,3/25/2020,2
Greece,3/26/2020,4
Greece,3/27/2020,2
Greece,3/28/2020,4
Greece,3/29/2020,6
Greece,3/30/2020,5
Greece,3/31/2020,6
Greece,4/1/2020,1
Greece,4/2/2020,3
Greece,4/3/2020,10
Greece,4/4/2020,5
Greece,4/5/2020,5
Greece,4/6/2020,6
Greece,4/7/2020,2
Greece,4/8/2020,2
Greece,4/9/2020,4
Greece,4/10/2020,5
Greece,4/11/2020,1
Greece,4/12/2020,5
Greece,4/13/2020,1
Greece,4/14/2020,2
Greece,4/15/2020,1
Greece,4/16/2020,3
Greece,4/17/2020,3
Greece,4/18/2020,2
Greece,4/19/2020,3
Greece,4/20/2020,3
Greece,4/21/2020,5
Greece,4/22/2020,0
Greece,4/23/2020,2
Greece,4/24/2020,2
Greece,4/25/2020,5
Greece,4/26/2020,0
Greece,4/27/2020,4
Greece,4/28/2020,2
Greece,4/29/2020,2
Greece,4/30/2020,1
Greece,5/1/2020,1
Greece,5/2/2020,0
Greece,5/3/2020,3
Greece,5/4/2020,1
Greece,5/5/2020,2
Greece,5/6/2020,0
Greece,5/7/2020,1
Greece,5/8/2020,1
Greece,5/9/2020,2
Greece,5/10/2020,1
Greece,5/11/2020,0
Greece,5/12/2020,0
Greece,5/13/2020,1
Greece,5/14/2020,3
Greece,5/15/2020,1
Greece,5/16/2020,4
Greece,5/17/2020,2
Greece,5/18/2020,1
Greece,5/19/2020,2
Greece,5/20/2020,0
Greece,5/21/2020,1
Hungary,2/17/2020,0
Hungary,2/18/2020,0
Hungary,2/19/2020,0
Hungary,2/20/2020,0
Hungary,2/21/2020,0
Hungary,2/22/2020,0
Hungary,2/23/2020,0
Hungary,2/24/2020,0
Hungary,2/25/2020,0
Hungary,2/26/2020,0
Hungary,2/27/2020,0
Hungary,2/28/2020,0
Hungary,2/29/2020,0
Hungary,3/1/2020,0
Hungary,3/2/2020,0
Hungary,3/3/2020,0
Hungary,3/4/2020,0
Hungary,3/5/2020,0
Hungary,3/6/2020,0
Hungary,3/7/2020,0
Hungary,3/8/2020,0
Hungary,3/9/2020,0
Hungary,3/10/2020,0
Hungary,3/11/2020,0
Hungary,3/12/2020,0
Hungary,3/13/2020,0
Hungary,3/14/2020,0
Hungary,3/15/2020,1
Hungary,3/16/2020,0
Hungary,3/17/2020,0
Hungary,3/18/2020,0
Hungary,3/19/2020,0
Hungary,3/20/2020,2
Hungary,3/21/2020,1
Hungary,3/22/2020,2
Hungary,3/23/2020,1
Hungary,3/24/2020,2
Hungary,3/25/2020,1
Hungary,3/26/2020,0
Hungary,3/27/2020,0
Hungary,3/28/2020,1
Hungary,3/29/2020,2
Hungary,3/30/2020,2
Hungary,3/31/2020,1
Hungary,4/1/2020,4
Hungary,4/2/2020,1
Hungary,4/3/2020,5
Hungary,4/4/2020,6
Hungary,4/5/2020,2
Hungary,4/6/2020,4
Hungary,4/7/2020,9
Hungary,4/8/2020,11
Hungary,4/9/2020,8
Hungary,4/10/2020,11
Hungary,4/11/2020,8
Hungary,4/12/2020,14
Hungary,4/13/2020,10
Hungary,4/14/2020,13
Hungary,4/15/2020,12
Hungary,4/16/2020,8
Hungary,4/17/2020,14
Hungary,4/18/2020,16
Hungary,4/19/2020,17
Hungary,4/20/2020,10
Hungary,4/21/2020,14
Hungary,4/22/2020,12
Hungary,4/23/2020,5
Hungary,4/24/2020,9
Hungary,4/25/2020,23
Hungary,4/26/2020,0
Hungary,4/27/2020,10
Hungary,4/28/2020,8
Hungary,4/29/2020,11
Hungary,4/30/2020,9
Hungary,5/1/2020,12
Hungary,5/2/2020,11
Hungary,5/3/2020,12
Hungary,5/4/2020,5
Hungary,5/5/2020,11
Hungary,5/6/2020,12
Hungary,5/7/2020,10
Hungary,5/8/2020,10
Hungary,5/9/2020,9
Hungary,5/10/2020,13
Hungary,5/11/2020,8
Hungary,5/12/2020,8
Hungary,5/13/2020,4
Hungary,5/14/2020,5
Hungary,5/15/2020,6
Hungary,5/16/2020,6
Hungary,5/17/2020,6
Hungary,5/18/2020,3
Hungary,5/19/2020,11
Hungary,5/20/2020,5
Hungary,5/21/2020,3
India,2/17/2020,0
India,2/18/2020,0
India,2/19/2020,0
India,2/20/2020,0
India,2/21/2020,0
India,2/22/2020,0
India,2/23/2020,0
India,2/24/2020,0
India,2/25/2020,0
India,2/26/2020,0
India,2/27/2020,0
India,2/28/2020,0
India,2/29/2020,0
India,3/1/2020,0
India,3/2/2020,0
India,3/3/2020,0
India,3/4/2020,0
India,3/5/2020,0
India,3/6/2020,0
India,3/7/2020,0
India,3/8/2020,0
India,3/9/2020,0
India,3/10/2020,0
India,3/11/2020,1
India,3/12/2020,0
India,3/13/2020,0
India,3/14/2020,1
India,3/15/2020,0
India,3/16/2020,0
India,3/17/2020,1
India,3/18/2020,0
India,3/19/2020,1
India,3/20/2020,1
India,3/21/2020,0
India,3/22/2020,3
India,3/23/2020,3
India,3/24/2020,0
India,3/25/2020,2
India,3/26/2020,8
India,3/27/2020,0
India,3/28/2020,4
India,3/29/2020,3
India,3/30/2020,5
India,3/31/2020,3
India,4/1/2020,23
India,4/2/2020,14
India,4/3/2020,0
India,4/4/2020,14
India,4/5/2020,13
India,4/6/2020,37
India,4/7/2020,14
India,4/8/2020,28
India,4/9/2020,48
India,4/10/2020,20
India,4/11/2020,42
India,4/12/2020,43
India,4/13/2020,27
India,4/14/2020,35
India,4/15/2020,12
India,4/16/2020,43
India,4/17/2020,38
India,4/18/2020,35
India,4/19/2020,38
India,4/20/2020,33
India,4/21/2020,53
India,4/22/2020,36
India,4/23/2020,19
India,4/24/2020,21
India,4/25/2020,59
India,4/26/2020,45
India,4/27/2020,56
India,4/28/2020,58
India,4/29/2020,69
India,4/30/2020,71
India,5/1/2020,75
India,5/2/2020,69
India,5/3/2020,100
India,5/4/2020,68
India,5/5/2020,175
India,5/6/2020,127
India,5/7/2020,92
India,5/8/2020,104
India,5/9/2020,96
India,5/10/2020,116
India,5/11/2020,111
India,5/12/2020,82
India,5/13/2020,121
India,5/14/2020,136
India,5/15/2020,98
India,5/16/2020,104
India,5/17/2020,118
India,5/18/2020,154
India,5/19/2020,131
India,5/20/2020,146
India,5/21/2020,132
Ireland,2/17/2020,0
Ireland,2/18/2020,0
Ireland,2/19/2020,0
Ireland,2/20/2020,0
Ireland,2/21/2020,0
Ireland,2/22/2020,0
Ireland,2/23/2020,0
Ireland,2/24/2020,0
Ireland,2/25/2020,0
Ireland,2/26/2020,0
Ireland,2/27/2020,0
Ireland,2/28/2020,0
Ireland,2/29/2020,0
Ireland,3/1/2020,0
Ireland,3/2/2020,0
Ireland,3/3/2020,0
Ireland,3/4/2020,0
Ireland,3/5/2020,0
Ireland,3/6/2020,0
Ireland,3/7/2020,0
Ireland,3/8/2020,0
Ireland,3/9/2020,0
Ireland,3/10/2020,0
Ireland,3/11/2020,1
Ireland,3/12/2020,0
Ireland,3/13/2020,0
Ireland,3/14/2020,1
Ireland,3/15/2020,0
Ireland,3/16/2020,0
Ireland,3/17/2020,0
Ireland,3/18/2020,0
Ireland,3/19/2020,1
Ireland,3/20/2020,0
Ireland,3/21/2020,0
Ireland,3/22/2020,1
Ireland,3/23/2020,2
Ireland,3/24/2020,1
Ireland,3/25/2020,2
Ireland,3/26/2020,10
Ireland,3/27/2020,3
Ireland,3/28/2020,14
Ireland,3/29/2020,10
Ireland,3/30/2020,8
Ireland,3/31/2020,17
Ireland,4/1/2020,14
Ireland,4/2/2020,13
Ireland,4/3/2020,22
Ireland,4/4/2020,17
Ireland,4/5/2020,21
Ireland,4/6/2020,16
Ireland,4/7/2020,36
Ireland,4/8/2020,25
Ireland,4/9/2020,28
Ireland,4/10/2020,24
Ireland,4/11/2020,33
Ireland,4/12/2020,14
Ireland,4/13/2020,31
Ireland,4/14/2020,41
Ireland,4/15/2020,38
Ireland,4/16/2020,42
Ireland,4/17/2020,44
Ireland,4/18/2020,41
Ireland,4/19/2020,39
Ireland,4/20/2020,77
Ireland,4/21/2020,43
Ireland,4/22/2020,39
Ireland,4/23/2020,6
Ireland,4/24/2020,19
Ireland,4/25/2020,220
Ireland,4/26/2020,49
Ireland,4/27/2020,24
Ireland,4/28/2020,15
Ireland,4/29/2020,57
Ireland,4/30/2020,31
Ireland,5/1/2020,42
Ireland,5/2/2020,33
Ireland,5/3/2020,21
Ireland,5/4/2020,17
Ireland,5/5/2020,16
Ireland,5/6/2020,20
Ireland,5/7/2020,36
Ireland,5/8/2020,28
Ireland,5/9/2020,26
Ireland,5/10/2020,17
Ireland,5/11/2020,12
Ireland,5/12/2020,9
Ireland,5/13/2020,21
Ireland,5/14/2020,9
Ireland,5/15/2020,9
Ireland,5/16/2020,12
Ireland,5/17/2020,15
Ireland,5/18/2020,10
Ireland,5/19/2020,4
Ireland,5/20/2020,14
Ireland,5/21/2020,10
Japan,2/17/2020,0
Japan,2/18/2020,0
Japan,2/19/2020,0
Japan,2/20/2020,0
Japan,2/21/2020,0
Japan,2/22/2020,0
Japan,2/23/2020,0
Japan,2/24/2020,0
Japan,2/25/2020,0
Japan,2/26/2020,1
Japan,2/27/2020,2
Japan,2/28/2020,0
Japan,2/29/2020,1
Japan,3/1/2020,1
Japan,3/2/2020,0
Japan,3/3/2020,0
Japan,3/4/2020,0
Japan,3/5/2020,0
Japan,3/6/2020,0
Japan,3/7/2020,0
Japan,3/8/2020,0
Japan,3/9/2020,11
Japan,3/10/2020,7
Japan,3/11/2020,5
Japan,3/12/2020,1
Japan,3/13/2020,2
Japan,3/14/2020,4
Japan,3/15/2020,2
Japan,3/16/2020,3
Japan,3/17/2020,2
Japan,3/18/2020,0
Japan,3/19/2020,0
Japan,3/20/2020,4
Japan,3/21/2020,2
Japan,3/22/2020,1
Japan,3/23/2020,6
Japan,3/24/2020,1
Japan,3/25/2020,2
Japan,3/26/2020,2
Japan,3/27/2020,2
Japan,3/28/2020,3
Japan,3/29/2020,2
Japan,3/30/2020,0
Japan,3/31/2020,2
Japan,4/1/2020,1
Japan,4/2/2020,5
Japan,4/3/2020,1
Japan,4/4/2020,14
Japan,4/5/2020,0
Japan,4/6/2020,8
Japan,4/7/2020,7
Japan,4/8/2020,1
Japan,4/9/2020,1
Japan,4/10/2020,5
Japan,4/11/2020,0
Japan,4/12/2020,9
Japan,4/13/2020,15
Japan,4/14/2020,20
Japan,4/15/2020,3
Japan,4/16/2020,32
Japan,4/17/2020,12
Japan,4/18/2020,32
Japan,4/19/2020,14
Japan,4/20/2020,0
Japan,4/21/2020,27
Japan,4/22/2020,18
Japan,4/23/2020,19
Japan,4/24/2020,28
Japan,4/25/2020,17
Japan,4/26/2020,15
Japan,4/27/2020,12
Japan,4/28/2020,13
Japan,4/29/2020,9
Japan,4/30/2020,19
Japan,5/1/2020,17
Japan,5/2/2020,25
Japan,5/3/2020,19
Japan,5/4/2020,13
Japan,5/5/2020,49
Japan,5/6/2020,20
Japan,5/7/2020,0
Japan,5/8/2020,21
Japan,5/9/2020,13
Japan,5/10/2020,17
Japan,5/11/2020,17
Japan,5/12/2020,9
Japan,5/13/2020,24
Japan,5/14/2020,21
Japan,5/15/2020,19
Japan,5/16/2020,16
Japan,5/17/2020,12
Japan,5/18/2020,19
Japan,5/19/2020,5
Japan,5/20/2020,19
Japan,5/21/2020,0
Kazakhstan,2/17/2020,0
Kazakhstan,2/18/2020,0
Kazakhstan,2/19/2020,0
Kazakhstan,2/20/2020,0
Kazakhstan,2/21/2020,0
Kazakhstan,2/22/2020,0
Kazakhstan,2/23/2020,0
Kazakhstan,2/24/2020,0
Kazakhstan,2/25/2020,0
Kazakhstan,2/26/2020,0
Kazakhstan,2/27/2020,0
Kazakhstan,2/28/2020,0
Kazakhstan,2/29/2020,0
Kazakhstan,3/1/2020,0
Kazakhstan,3/2/2020,0
Kazakhstan,3/3/2020,0
Kazakhstan,3/4/2020,0
Kazakhstan,3/5/2020,0
Kazakhstan,3/6/2020,0
Kazakhstan,3/7/2020,0
Kazakhstan,3/8/2020,0
Kazakhstan,3/9/2020,0
Kazakhstan,3/10/2020,0
Kazakhstan,3/11/2020,0
Kazakhstan,3/12/2020,0
Kazakhstan,3/13/2020,0
Kazakhstan,3/14/2020,0
Kazakhstan,3/15/2020,0
Kazakhstan,3/16/2020,0
Kazakhstan,3/17/2020,0
Kazakhstan,3/18/2020,0
Kazakhstan,3/19/2020,0
Kazakhstan,3/20/2020,0
Kazakhstan,3/21/2020,0
Kazakhstan,3/22/2020,0
Kazakhstan,3/23/2020,0
Kazakhstan,3/24/2020,0
Kazakhstan,3/25/2020,0
Kazakhstan,3/26/2020,1
Kazakhstan,3/27/2020,0
Kazakhstan,3/28/2020,0
Kazakhstan,3/29/2020,0
Kazakhstan,3/30/2020,0
Kazakhstan,3/31/2020,1
Kazakhstan,4/1/2020,1
Kazakhstan,4/2/2020,0
Kazakhstan,4/3/2020,3
Kazakhstan,4/4/2020,0
Kazakhstan,4/5/2020,0
Kazakhstan,4/6/2020,0
Kazakhstan,4/7/2020,0
Kazakhstan,4/8/2020,1
Kazakhstan,4/9/2020,1
Kazakhstan,4/10/2020,2
Kazakhstan,4/11/2020,0
Kazakhstan,4/12/2020,0
Kazakhstan,4/13/2020,2
Kazakhstan,4/14/2020,2
Kazakhstan,4/15/2020,2
Kazakhstan,4/16/2020,1
Kazakhstan,4/17/2020,0
Kazakhstan,4/18/2020,0
Kazakhstan,4/19/2020,0
Kazakhstan,4/20/2020,2
Kazakhstan,4/21/2020,0
Kazakhstan,4/22/2020,0
Kazakhstan,4/23/2020,0
Kazakhstan,4/24/2020,1
Kazakhstan,4/25/2020,5
Kazakhstan,4/26/2020,0
Kazakhstan,4/27/2020,0
Kazakhstan,4/28/2020,0
Kazakhstan,4/29/2020,0
Kazakhstan,4/30/2020,0
Kazakhstan,5/1/2020,0
Kazakhstan,5/2/2020,0
Kazakhstan,5/3/2020,0
Kazakhstan,5/4/2020,2
Kazakhstan,5/5/2020,2
Kazakhstan,5/6/2020,0
Kazakhstan,5/7/2020,1
Kazakhstan,5/8/2020,0
Kazakhstan,5/9/2020,1
Kazakhstan,5/10/2020,0
Kazakhstan,5/11/2020,0
Kazakhstan,5/12/2020,1
Kazakhstan,5/13/2020,0
Kazakhstan,5/14/2020,0
Kazakhstan,5/15/2020,0
Kazakhstan,5/16/2020,2
Kazakhstan,5/17/2020,0
Kazakhstan,5/18/2020,0
Kazakhstan,5/19/2020,1
Kazakhstan,5/20/2020,0
Kazakhstan,5/21/2020,0
Malaysia,2/17/2020,0
Malaysia,2/18/2020,0
Malaysia,2/19/2020,0
Malaysia,2/20/2020,0
Malaysia,2/21/2020,0
Malaysia,2/22/2020,0
Malaysia,2/23/2020,0
Malaysia,2/24/2020,0
Malaysia,2/25/2020,0
Malaysia,2/26/2020,0
Malaysia,2/27/2020,0
Malaysia,2/28/2020,0
Malaysia,2/29/2020,0
Malaysia,3/1/2020,0
Malaysia,3/2/2020,0
Malaysia,3/3/2020,0
Malaysia,3/4/2020,0
Malaysia,3/5/2020,0
Malaysia,3/6/2020,0
Malaysia,3/7/2020,0
Malaysia,3/8/2020,0
Malaysia,3/9/2020,0
Malaysia,3/10/2020,0
Malaysia,3/11/2020,0
Malaysia,3/12/2020,0
Malaysia,3/13/2020,0
Malaysia,3/14/2020,0
Malaysia,3/15/2020,0
Malaysia,3/16/2020,0
Malaysia,3/17/2020,2
Malaysia,3/18/2020,0
Malaysia,3/19/2020,0
Malaysia,3/20/2020,1
Malaysia,3/21/2020,1
Malaysia,3/22/2020,6
Malaysia,3/23/2020,4
Malaysia,3/24/2020,2
Malaysia,3/25/2020,4
Malaysia,3/26/2020,3
Malaysia,3/27/2020,3
Malaysia,3/28/2020,1
Malaysia,3/29/2020,8
Malaysia,3/30/2020,2
Malaysia,3/31/2020,6
Malaysia,4/1/2020,2
Malaysia,4/2/2020,5
Malaysia,4/3/2020,3
Malaysia,4/4/2020,4
Malaysia,4/5/2020,4
Malaysia,4/6/2020,1
Malaysia,4/7/2020,1
Malaysia,4/8/2020,2
Malaysia,4/9/2020,2
Malaysia,4/10/2020,3
Malaysia,4/11/2020,3
Malaysia,4/12/2020,3
Malaysia,4/13/2020,1
Malaysia,4/14/2020,5
Malaysia,4/15/2020,1
Malaysia,4/16/2020,1
Malaysia,4/17/2020,2
Malaysia,4/18/2020,2
Malaysia,4/19/2020,1
Malaysia,4/20/2020,0
Malaysia,4/21/2020,3
Malaysia,4/22/2020,1
Malaysia,4/23/2020,1
Malaysia,4/24/2020,1
Malaysia,4/25/2020,1
Malaysia,4/26/2020,2
Malaysia,4/27/2020,0
Malaysia,4/28/2020,1
Malaysia,4/29/2020,1
Malaysia,4/30/2020,0
Malaysia,5/1/2020,2
Malaysia,5/2/2020,1
Malaysia,5/3/2020,0
Malaysia,5/4/2020,2
Malaysia,5/5/2020,0
Malaysia,5/6/2020,1
Malaysia,5/7/2020,1
Malaysia,5/8/2020,0
Malaysia,5/9/2020,0
Malaysia,5/10/2020,1
Malaysia,5/11/2020,0
Malaysia,5/12/2020,1
Malaysia,5/13/2020,0
Malaysia,5/14/2020,2
Malaysia,5/15/2020,1
Malaysia,5/16/2020,0
Malaysia,5/17/2020,1
Malaysia,5/18/2020,0
Malaysia,5/19/2020,0
Malaysia,5/20/2020,1
Malaysia,5/21/2020,0
Mexico,2/17/2020,0
Mexico,2/18/2020,0
Mexico,2/19/2020,0
Mexico,2/20/2020,0
Mexico,2/21/2020,0
Mexico,2/22/2020,0
Mexico,2/23/2020,0
Mexico,2/24/2020,0
Mexico,2/25/2020,0
Mexico,2/26/2020,0
Mexico,2/27/2020,0
Mexico,2/28/2020,0
Mexico,2/29/2020,0
Mexico,3/1/2020,0
Mexico,3/2/2020,0
Mexico,3/3/2020,0
Mexico,3/4/2020,0
Mexico,3/5/2020,0
Mexico,3/6/2020,0
Mexico,3/7/2020,0
Mexico,3/8/2020,0
Mexico,3/9/2020,0
Mexico,3/10/2020,0
Mexico,3/11/2020,0
Mexico,3/12/2020,0
Mexico,3/13/2020,0
Mexico,3/14/2020,0
Mexico,3/15/2020,0
Mexico,3/16/2020,0
Mexico,3/17/2020,0
Mexico,3/18/2020,0
Mexico,3/19/2020,1
Mexico,3/20/2020,0
Mexico,3/21/2020,1
Mexico,3/22/2020,0
Mexico,3/23/2020,1
Mexico,3/24/2020,1
Mexico,3/25/2020,1
Mexico,3/26/2020,1
Mexico,3/27/2020,2
Mexico,3/28/2020,4
Mexico,3/29/2020,4
Mexico,3/30/2020,4
Mexico,3/31/2020,8
Mexico,4/1/2020,1
Mexico,4/2/2020,8
Mexico,4/3/2020,13
Mexico,4/4/2020,10
Mexico,4/5/2020,19
Mexico,4/6/2020,15
Mexico,4/7/2020,31
Mexico,4/8/2020,16
Mexico,4/9/2020,33
Mexico,4/10/2020,20
Mexico,4/11/2020,39
Mexico,4/12/2020,40
Mexico,4/13/2020,23
Mexico,4/14/2020,36
Mexico,4/15/2020,74
Mexico,4/16/2020,43
Mexico,4/17/2020,37
Mexico,4/18/2020,60
Mexico,4/19/2020,104
Mexico,4/20/2020,36
Mexico,4/21/2020,26
Mexico,4/22/2020,145
Mexico,4/23/2020,43
Mexico,4/24/2020,169
Mexico,4/25/2020,152
Mexico,4/26/2020,84
Mexico,4/27/2020,46
Mexico,4/28/2020,83
Mexico,4/29/2020,135
Mexico,4/30/2020,163
Mexico,5/1/2020,127
Mexico,5/2/2020,113
Mexico,5/3/2020,89
Mexico,5/4/2020,93
Mexico,5/5/2020,117
Mexico,5/6/2020,236
Mexico,5/7/2020,197
Mexico,5/8/2020,257
Mexico,5/9/2020,199
Mexico,5/10/2020,193
Mexico,5/11/2020,112
Mexico,5/12/2020,108
Mexico,5/13/2020,353
Mexico,5/14/2020,294
Mexico,5/15/2020,257
Mexico,5/16/2020,290
Mexico,5/17/2020,278
Mexico,5/18/2020,132
Mexico,5/19/2020,155
Mexico,5/20/2020,334
Mexico,5/21/2020,424
Netherlands,2/17/2020,0
Netherlands,2/18/2020,0
Netherlands,2/19/2020,0
Netherlands,2/20/2020,0
Netherlands,2/21/2020,0
Netherlands,2/22/2020,0
Netherlands,2/23/2020,0
Netherlands,2/24/2020,0
Netherlands,2/25/2020,0
Netherlands,2/26/2020,0
Netherlands,2/27/2020,0
Netherlands,2/28/2020,0
Netherlands,2/29/2020,0
Netherlands,3/1/2020,0
Netherlands,3/2/2020,0
Netherlands,3/3/2020,0
Netherlands,3/4/2020,0
Netherlands,3/5/2020,0
Netherlands,3/6/2020,1
Netherlands,3/7/2020,0
Netherlands,3/8/2020,2
Netherlands,3/9/2020,0
Netherlands,3/10/2020,1
Netherlands,3/11/2020,1
Netherlands,3/12/2020,5
Netherlands,3/13/2020,1
Netherlands,3/14/2020,1
Netherlands,3/15/2020,8
Netherlands,3/16/2020,4
Netherlands,3/17/2020,19
Netherlands,3/18/2020,15
Netherlands,3/19/2020,19
Netherlands,3/20/2020,29
Netherlands,3/21/2020,30
Netherlands,3/22/2020,44
Netherlands,3/23/2020,34
Netherlands,3/24/2020,63
Netherlands,3/25/2020,80
Netherlands,3/26/2020,78
Netherlands,3/27/2020,112
Netherlands,3/28/2020,93
Netherlands,3/29/2020,132
Netherlands,3/30/2020,93
Netherlands,3/31/2020,175
Netherlands,4/1/2020,135
Netherlands,4/2/2020,166
Netherlands,4/3/2020,149
Netherlands,4/4/2020,166
Netherlands,4/5/2020,115
Netherlands,4/6/2020,103
Netherlands,4/7/2020,234
Netherlands,4/8/2020,147
Netherlands,4/9/2020,148
Netherlands,4/10/2020,117
Netherlands,4/11/2020,133
Netherlands,4/12/2020,94
Netherlands,4/13/2020,86
Netherlands,4/14/2020,122
Netherlands,4/15/2020,190
Netherlands,4/16/2020,182
Netherlands,4/17/2020,144
Netherlands,4/18/2020,142
Netherlands,4/19/2020,84
Netherlands,4/20/2020,67
Netherlands,4/21/2020,165
Netherlands,4/22/2020,139
Netherlands,4/23/2020,32
Netherlands,4/24/2020,92
Netherlands,4/25/2020,112
Netherlands,4/26/2020,120
Netherlands,4/27/2020,67
Netherlands,4/28/2020,43
Netherlands,4/29/2020,48
Netherlands,4/30/2020,145
Netherlands,5/1/2020,84
Netherlands,5/2/2020,98
Netherlands,5/3/2020,94
Netherlands,5/4/2020,69
Netherlands,5/5/2020,26
Netherlands,5/6/2020,87
Netherlands,5/7/2020,36
Netherlands,5/8/2020,85
Netherlands,5/9/2020,71
Netherlands,5/10/2020,64
Netherlands,5/11/2020,18
Netherlands,5/12/2020,16
Netherlands,5/13/2020,54
Netherlands,5/14/2020,52
Netherlands,5/15/2020,28
Netherlands,5/16/2020,53
Netherlands,5/17/2020,27
Netherlands,5/18/2020,10
Netherlands,5/19/2020,14
Netherlands,5/20/2020,21
Netherlands,5/21/2020,33
Poland,2/17/2020,0
Poland,2/18/2020,0
Poland,2/19/2020,0
Poland,2/20/2020,0
Poland,2/21/2020,0
Poland,2/22/2020,0
Poland,2/23/2020,0
Poland,2/24/2020,0
Poland,2/25/2020,0
Poland,2/26/2020,0
Poland,2/27/2020,0
Poland,2/28/2020,0
Poland,2/29/2020,0
Poland,3/1/2020,0
Poland,3/2/2020,0
Poland,3/3/2020,0
Poland,3/4/2020,0
Poland,3/5/2020,0
Poland,3/6/2020,0
Poland,3/7/2020,0
Poland,3/8/2020,0
Poland,3/9/2020,0
Poland,3/10/2020,0
Poland,3/11/2020,0
Poland,3/12/2020,1
Poland,3/13/2020,1
Poland,3/14/2020,1
Poland,3/15/2020,0
Poland,3/16/2020,1
Poland,3/17/2020,1
Poland,3/18/2020,0
Poland,3/19/2020,0
Poland,3/20/2020,0
Poland,3/21/2020,0
Poland,3/22/2020,2
Poland,3/23/2020,1
Poland,3/24/2020,2
Poland,3/25/2020,4
Poland,3/26/2020,2
Poland,3/27/2020,0
Poland,3/28/2020,2
Poland,3/29/2020,4
Poland,3/30/2020,9
Poland,3/31/2020,2
Poland,4/1/2020,10
Poland,4/2/2020,14
Poland,4/3/2020,14
Poland,4/4/2020,8
Poland,4/5/2020,15
Poland,4/6/2020,13
Poland,4/7/2020,22
Poland,4/8/2020,30
Poland,4/9/2020,15
Poland,4/10/2020,7
Poland,4/11/2020,27
Poland,4/12/2020,24
Poland,4/13/2020,13
Poland,4/14/2020,18
Poland,4/15/2020,23
Poland,4/16/2020,28
Poland,4/17/2020,18
Poland,4/18/2020,15
Poland,4/19/2020,13
Poland,4/20/2020,20
Poland,4/21/2020,21
Poland,4/22/2020,25
Poland,4/23/2020,14
Poland,4/24/2020,14
Poland,4/25/2020,40
Poland,4/26/2020,30
Poland,4/27/2020,11
Poland,4/28/2020,27
Poland,4/29/2020,34
Poland,4/30/2020,28
Poland,5/1/2020,20
Poland,5/2/2020,7
Poland,5/3/2020,13
Poland,5/4/2020,14
Poland,5/5/2020,20
Poland,5/6/2020,18
Poland,5/7/2020,17
Poland,5/8/2020,22
Poland,5/9/2020,21
Poland,5/10/2020,9
Poland,5/11/2020,15
Poland,5/12/2020,11
Poland,5/13/2020,28
Poland,5/14/2020,22
Poland,5/15/2020,22
Poland,5/16/2020,24
Poland,5/17/2020,8
Poland,5/18/2020,10
Poland,5/19/2020,11
Poland,5/20/2020,12
Poland,5/21/2020,14
Qatar,2/17/2020,0
Qatar,2/18/2020,0
Qatar,2/19/2020,0
Qatar,2/20/2020,0
Qatar,2/21/2020,0
Qatar,2/22/2020,0
Qatar,2/23/2020,0
Qatar,2/24/2020,0
Qatar,2/25/2020,0
Qatar,2/26/2020,0
Qatar,2/27/2020,0
Qatar,2/28/2020,0
Qatar,2/29/2020,0
Qatar,3/1/2020,0
Qatar,3/2/2020,0
Qatar,3/3/2020,0
Qatar,3/4/2020,0
Qatar,3/5/2020,0
Qatar,3/6/2020,0
Qatar,3/7/2020,0
Qatar,3/8/2020,0
Qatar,3/9/2020,0
Qatar,3/10/2020,0
Qatar,3/11/2020,0
Qatar,3/12/2020,0
Qatar,3/13/2020,0
Qatar,3/14/2020,0
Qatar,3/15/2020,0
Qatar,3/16/2020,0
Qatar,3/17/2020,0
Qatar,3/18/2020,0
Qatar,3/19/2020,0
Qatar,3/20/2020,0
Qatar,3/21/2020,0
Qatar,3/22/2020,0
Qatar,3/23/2020,0
Qatar,3/24/2020,0
Qatar,3/25/2020,0
Qatar,3/26/2020,0
Qatar,3/27/2020,0
Qatar,3/28/2020,1
Qatar,3/29/2020,0
Qatar,3/30/2020,0
Qatar,3/31/2020,1
Qatar,4/1/2020,0
Qatar,4/2/2020,1
Qatar,4/3/2020,0
Qatar,4/4/2020,0
Qatar,4/5/2020,1
Qatar,4/6/2020,0
Qatar,4/7/2020,2
Qatar,4/8/2020,0
Qatar,4/9/2020,0
Qatar,4/10/2020,0
Qatar,4/11/2020,0
Qatar,4/12/2020,1
Qatar,4/13/2020,0
Qatar,4/14/2020,0
Qatar,4/15/2020,0
Qatar,4/16/2020,0
Qatar,4/17/2020,0
Qatar,4/18/2020,1
Qatar,4/19/2020,0
Qatar,4/20/2020,1
Qatar,4/21/2020,0
Qatar,4/22/2020,1
Qatar,4/23/2020,0
Qatar,4/24/2020,0
Qatar,4/25/2020,0
Qatar,4/26/2020,0
Qatar,4/27/2020,0
Qatar,4/28/2020,0
Qatar,4/29/2020,0
Qatar,4/30/2020,0
Qatar,5/1/2020,0
Qatar,5/2/2020,2
Qatar,5/3/2020,0
Qatar,5/4/2020,0
Qatar,5/5/2020,0
Qatar,5/6/2020,0
Qatar,5/7/2020,0
Qatar,5/8/2020,0
Qatar,5/9/2020,0
Qatar,5/10/2020,1
Qatar,5/11/2020,1
Qatar,5/12/2020,0
Qatar,5/13/2020,0
Qatar,5/14/2020,0
Qatar,5/15/2020,0
Qatar,5/16/2020,0
Qatar,5/17/2020,1
Qatar,5/18/2020,0
Qatar,5/19/2020,0
Qatar,5/20/2020,0
Qatar,5/21/2020,1
Romania,2/17/2020,0
Romania,2/18/2020,0
Romania,2/19/2020,0
Romania,2/20/2020,0
Romania,2/21/2020,0
Romania,2/22/2020,0
Romania,2/23/2020,0
Romania,2/24/2020,0
Romania,2/25/2020,0
Romania,2/26/2020,0
Romania,2/27/2020,0
Romania,2/28/2020,0
Romania,2/29/2020,0
Romania,3/1/2020,0
Romania,3/2/2020,0
Romania,3/3/2020,0
Romania,3/4/2020,0
Romania,3/5/2020,0
Romania,3/6/2020,0
Romania,3/7/2020,0
Romania,3/8/2020,0
Romania,3/9/2020,0
Romania,3/10/2020,0
Romania,3/11/2020,0
Romania,3/12/2020,0
Romania,3/13/2020,0
Romania,3/14/2020,0
Romania,3/15/2020,0
Romania,3/16/2020,0
Romania,3/17/2020,0
Romania,3/18/2020,0
Romania,3/19/2020,0
Romania,3/20/2020,0
Romania,3/21/2020,0
Romania,3/22/2020,3
Romania,3/23/2020,4
Romania,3/24/2020,4
Romania,3/25/2020,6
Romania,3/26/2020,6
Romania,3/27/2020,3
Romania,3/28/2020,11
Romania,3/29/2020,6
Romania,3/30/2020,22
Romania,3/31/2020,17
Romania,4/1/2020,10
Romania,4/2/2020,23
Romania,4/3/2020,18
Romania,4/4/2020,13
Romania,4/5/2020,5
Romania,4/6/2020,25
Romania,4/7/2020,21
Romania,4/8/2020,23
Romania,4/9/2020,28
Romania,4/10/2020,22
Romania,4/11/2020,21
Romania,4/12/2020,25
Romania,4/13/2020,15
Romania,4/14/2020,20
Romania,4/15/2020,21
Romania,4/16/2020,20
Romania,4/17/2020,19
Romania,4/18/2020,10
Romania,4/19/2020,30
Romania,4/20/2020,27
Romania,4/21/2020,20
Romania,4/22/2020,26
Romania,4/23/2020,10
Romania,4/24/2020,11
Romania,4/25/2020,22
Romania,4/26/2020,34
Romania,4/27/2020,18
Romania,4/28/2020,22
Romania,4/29/2020,22
Romania,4/30/2020,30
Romania,5/1/2020,24
Romania,5/2/2020,27
Romania,5/3/2020,27
Romania,5/4/2020,19
Romania,5/5/2020,28
Romania,5/6/2020,23
Romania,5/7/2020,23
Romania,5/8/2020,24
Romania,5/9/2020,35
Romania,5/10/2020,16
Romania,5/11/2020,22
Romania,5/12/2020,21
Romania,5/13/2020,20
Romania,5/14/2020,34
Romania,5/15/2020,17
Romania,5/16/2020,17
Romania,5/17/2020,24
Romania,5/18/2020,13
Romania,5/19/2020,13
Romania,5/20/2020,17
Romania,5/21/2020,10
Singapore,2/17/2020,0
Singapore,2/18/2020,0
Singapore,2/19/2020,0
Singapore,2/20/2020,0
Singapore,2/21/2020,0
Singapore,2/22/2020,0
Singapore,2/23/2020,0
Singapore,2/24/2020,0
Singapore,2/25/2020,0
Singapore,2/26/2020,0
Singapore,2/27/2020,0
Singapore,2/28/2020,0
Singapore,2/29/2020,0
Singapore,3/1/2020,0
Singapore,3/2/2020,0
Singapore,3/3/2020,0
Singapore,3/4/2020,0
Singapore,3/5/2020,0
Singapore,3/6/2020,0
Singapore,3/7/2020,0
Singapore,3/8/2020,0
Singapore,3/9/2020,0
Singapore,3/10/2020,0
Singapore,3/11/2020,0
Singapore,3/12/2020,0
Singapore,3/13/2020,0
Singapore,3/14/2020,0
Singapore,3/15/2020,0
Singapore,3/16/2020,0
Singapore,3/17/2020,0
Singapore,3/18/2020,0
Singapore,3/19/2020,0
Singapore,3/20/2020,0
Singapore,3/21/2020,2
Singapore,3/22/2020,0
Singapore,3/23/2020,0
Singapore,3/24/2020,0
Singapore,3/25/2020,0
Singapore,3/26/2020,0
Singapore,3/27/2020,0
Singapore,3/28/2020,0
Singapore,3/29/2020,1
Singapore,3/30/2020,0
Singapore,3/31/2020,0
Singapore,4/1/2020,0
Singapore,4/2/2020,1
Singapore,4/3/2020,1
Singapore,4/4/2020,1
Singapore,4/5/2020,0
Singapore,4/6/2020,0
Singapore,4/7/2020,0
Singapore,4/8/2020,0
Singapore,4/9/2020,0
Singapore,4/10/2020,1
Singapore,4/11/2020,1
Singapore,4/12/2020,0
Singapore,4/13/2020,1
Singapore,4/14/2020,1
Singapore,4/15/2020,0
Singapore,4/16/2020,0
Singapore,4/17/2020,1
Singapore,4/18/2020,0
Singapore,4/19/2020,0
Singapore,4/20/2020,0
Singapore,4/21/2020,0
Singapore,4/22/2020,1
Singapore,4/23/2020,0
Singapore,4/24/2020,0
Singapore,4/25/2020,0
Singapore,4/26/2020,0
Singapore,4/27/2020,0
Singapore,4/28/2020,2
Singapore,4/29/2020,0
Singapore,4/30/2020,0
Singapore,5/1/2020,1
Singapore,5/2/2020,1
Singapore,5/3/2020,1
Singapore,5/4/2020,1
Singapore,5/5/2020,0
Singapore,5/6/2020,0
Singapore,5/7/2020,2
Singapore,5/8/2020,0
Singapore,5/9/2020,0
Singapore,5/10/2020,0
Singapore,5/11/2020,0
Singapore,5/12/2020,1
Singapore,5/13/2020,0
Singapore,5/14/2020,0
Singapore,5/15/2020,0
Singapore,5/16/2020,0
Singapore,5/17/2020,1
Singapore,5/18/2020,0
Singapore,5/19/2020,0
Singapore,5/20/2020,0
Singapore,5/21/2020,0
Slovenia,2/17/2020,0
Slovenia,2/18/2020,0
Slovenia,2/19/2020,0
Slovenia,2/20/2020,0
Slovenia,2/21/2020,0
Slovenia,2/22/2020,0
Slovenia,2/23/2020,0
Slovenia,2/24/2020,0
Slovenia,2/25/2020,0
Slovenia,2/26/2020,0
Slovenia,2/27/2020,0
Slovenia,2/28/2020,0
Slovenia,2/29/2020,0
Slovenia,3/1/2020,0
Slovenia,3/2/2020,0
Slovenia,3/3/2020,0
Slovenia,3/4/2020,0
Slovenia,3/5/2020,0
Slovenia,3/6/2020,0
Slovenia,3/7/2020,0
Slovenia,3/8/2020,0
Slovenia,3/9/2020,0
Slovenia,3/10/2020,0
Slovenia,3/11/2020,0
Slovenia,3/12/2020,0
Slovenia,3/13/2020,0
Slovenia,3/14/2020,1
Slovenia,3/15/2020,0
Slovenia,3/16/2020,0
Slovenia,3/17/2020,0
Slovenia,3/18/2020,0
Slovenia,3/19/2020,0
Slovenia,3/20/2020,0
Slovenia,3/21/2020,0
Slovenia,3/22/2020,1
Slovenia,3/23/2020,1
Slovenia,3/24/2020,1
Slovenia,3/25/2020,1
Slovenia,3/26/2020,1
Slovenia,3/27/2020,3
Slovenia,3/28/2020,0
Slovenia,3/29/2020,2
Slovenia,3/30/2020,0
Slovenia,3/31/2020,4
Slovenia,4/1/2020,0
Slovenia,4/2/2020,2
Slovenia,4/3/2020,3
Slovenia,4/4/2020,2
Slovenia,4/5/2020,6
Slovenia,4/6/2020,2
Slovenia,4/7/2020,6
Slovenia,4/8/2020,4
Slovenia,4/9/2020,3
Slovenia,4/10/2020,2
Slovenia,4/11/2020,5
Slovenia,4/12/2020,3
Slovenia,4/13/2020,2
Slovenia,4/14/2020,1
Slovenia,4/15/2020,5
Slovenia,4/16/2020,0
Slovenia,4/17/2020,5
Slovenia,4/18/2020,4
Slovenia,4/19/2020,4
Slovenia,4/20/2020,3
Slovenia,4/21/2020,0
Slovenia,4/22/2020,2
Slovenia,4/23/2020,0
Slovenia,4/24/2020,0
Slovenia,4/25/2020,1
Slovenia,4/26/2020,1
Slovenia,4/27/2020,1
Slovenia,4/28/2020,1
Slovenia,4/29/2020,3
Slovenia,4/30/2020,3
Slovenia,5/1/2020,2
Slovenia,5/2/2020,1
Slovenia,5/3/2020,2
Slovenia,5/4/2020,2
Slovenia,5/5/2020,1
Slovenia,5/6/2020,1
Slovenia,5/7/2020,1
Slovenia,5/8/2020,0
Slovenia,5/9/2020,1
Slovenia,5/10/2020,1
Slovenia,5/11/2020,1
Slovenia,5/12/2020,0
Slovenia,5/13/2020,0
Slovenia,5/14/2020,1
Slovenia,5/15/2020,0
Slovenia,5/16/2020,0
Slovenia,5/17/2020,0
Slovenia,5/18/2020,1
Slovenia,5/19/2020,0
Slovenia,5/20/2020,0
Slovenia,5/21/2020,1
South Africa,2/17/2020,0
South Africa,2/18/2020,0
South Africa,2/19/2020,0
South Africa,2/20/2020,0
South Africa,2/21/2020,0
South Africa,2/22/2020,0
South Africa,2/23/2020,0
South Africa,2/24/2020,0
South Africa,2/25/2020,0
South Africa,2/26/2020,0
South Africa,2/27/2020,0
South Africa,2/28/2020,0
South Africa,2/29/2020,0
South Africa,3/1/2020,0
South Africa,3/2/2020,0
South Africa,3/3/2020,0
South Africa,3/4/2020,0
South Africa,3/5/2020,0
South Africa,3/6/2020,0
South Africa,3/7/2020,0
South Africa,3/8/2020,0
South Africa,3/9/2020,0
South Africa,3/10/2020,0
South Africa,3/11/2020,0
South Africa,3/12/2020,0
South Africa,3/13/2020,0
South Africa,3/14/2020,0
South Africa,3/15/2020,0
South Africa,3/16/2020,0
South Africa,3/17/2020,0
South Africa,3/18/2020,0
South Africa,3/19/2020,0
South Africa,3/20/2020,0
South Africa,3/21/2020,0
South Africa,3/22/2020,0
South Africa,3/23/2020,0
South Africa,3/24/2020,0
South Africa,3/25/2020,0
South Africa,3/26/2020,0
South Africa,3/27/2020,1
South Africa,3/28/2020,0
South Africa,3/29/2020,1
South Africa,3/30/2020,1
South Africa,3/31/2020,2
South Africa,4/1/2020,0
South Africa,4/2/2020,0
South Africa,4/3/2020,4
South Africa,4/4/2020,0
South Africa,4/5/2020,2
South Africa,4/6/2020,1
South Africa,4/7/2020,1
South Africa,4/8/2020,5
South Africa,4/9/2020,0
South Africa,4/10/2020,6
South Africa,4/11/2020,1
South Africa,4/12/2020,0
South Africa,4/13/2020,2
South Africa,4/14/2020,0
South Africa,4/15/2020,7
South Africa,4/16/2020,14
South Africa,4/17/2020,2
South Africa,4/18/2020,2
South Africa,4/19/2020,2
South Africa,4/20/2020,4
South Africa,4/21/2020,0
South Africa,4/22/2020,7
South Africa,4/23/2020,5
South Africa,4/24/2020,5
South Africa,4/25/2020,4
South Africa,4/26/2020,7
South Africa,4/27/2020,1
South Africa,4/28/2020,3
South Africa,4/29/2020,3
South Africa,4/30/2020,10
South Africa,5/1/2020,0
South Africa,5/2/2020,13
South Africa,5/3/2020,7
South Africa,5/4/2020,8
South Africa,5/5/2020,7
South Africa,5/6/2020,10
South Africa,5/7/2020,5
South Africa,5/8/2020,8
South Africa,5/9/2020,17
South Africa,5/10/2020,8
South Africa,5/11/2020,8
South Africa,5/12/2020,12
South Africa,5/13/2020,0
South Africa,5/14/2020,13
South Africa,5/15/2020,19
South Africa,5/16/2020,9
South Africa,5/17/2020,14
South Africa,5/18/2020,3
South Africa,5/19/2020,22
South Africa,5/20/2020,26
South Africa,5/21/2020,27
South Korea,2/17/2020,0
South Korea,2/18/2020,0
South Korea,2/19/2020,0
South Korea,2/20/2020,1
South Korea,2/21/2020,1
South Korea,2/22/2020,0
South Korea,2/23/2020,4
South Korea,2/24/2020,2
South Korea,2/25/2020,2
South Korea,2/26/2020,2
South Korea,2/27/2020,1
South Korea,2/28/2020,0
South Korea,2/29/2020,3
South Korea,3/1/2020,1
South Korea,3/2/2020,11
South Korea,3/3/2020,0
South Korea,3/4/2020,7
South Korea,3/5/2020,0
South Korea,3/6/2020,7
South Korea,3/7/2020,2
South Korea,3/8/2020,6
South Korea,3/9/2020,3
South Korea,3/10/2020,3
South Korea,3/11/2020,4
South Korea,3/12/2020,6
South Korea,3/13/2020,3
South Korea,3/14/2020,3
South Korea,3/15/2020,3
South Korea,3/16/2020,0
South Korea,3/17/2020,6
South Korea,3/18/2020,3
South Korea,3/19/2020,7
South Korea,3/20/2020,3
South Korea,3/21/2020,8
South Korea,3/22/2020,2
South Korea,3/23/2020,7
South Korea,3/24/2020,9
South Korea,3/25/2020,6
South Korea,3/26/2020,5
South Korea,3/27/2020,8
South Korea,3/28/2020,5
South Korea,3/29/2020,8
South Korea,3/30/2020,6
South Korea,3/31/2020,4
South Korea,4/1/2020,3
South Korea,4/2/2020,4
South Korea,4/3/2020,5
South Korea,4/4/2020,3
South Korea,4/5/2020,6
South Korea,4/6/2020,3
South Korea,4/7/2020,6
South Korea,4/8/2020,8
South Korea,4/9/2020,4
South Korea,4/10/2020,4
South Korea,4/11/2020,3
South Korea,4/12/2020,3
South Korea,4/13/2020,3
South Korea,4/14/2020,5
South Korea,4/15/2020,3
South Korea,4/16/2020,4
South Korea,4/17/2020,1
South Korea,4/18/2020,2
South Korea,4/19/2020,2
South Korea,4/20/2020,2
South Korea,4/21/2020,1
South Korea,4/22/2020,1
South Korea,4/23/2020,1
South Korea,4/24/2020,1
South Korea,4/25/2020,0
South Korea,4/26/2020,2
South Korea,4/27/2020,1
South Korea,4/28/2020,1
South Korea,4/29/2020,2
South Korea,4/30/2020,1
South Korea,5/1/2020,1
South Korea,5/2/2020,2
South Korea,5/3/2020,0
South Korea,5/4/2020,2
South Korea,5/5/2020,2
South Korea,5/6/2020,1
South Korea,5/7/2020,1
South Korea,5/8/2020,0
South Korea,5/9/2020,0
South Korea,5/10/2020,0
South Korea,5/11/2020,0
South Korea,5/12/2020,2
South Korea,5/13/2020,1
South Korea,5/14/2020,1
South Korea,5/15/2020,0
South Korea,5/16/2020,2
South Korea,5/17/2020,0
South Korea,5/18/2020,1
South Korea,5/19/2020,0
South Korea,5/20/2020,0
South Korea,5/21/2020,1
Spain,2/17/2020,0
Spain,2/18/2020,0
Spain,2/19/2020,0
Spain,2/20/2020,0
Spain,2/21/2020,0
Spain,2/22/2020,0
Spain,2/23/2020,0
Spain,2/24/2020,0
Spain,2/25/2020,0
Spain,2/26/2020,0
Spain,2/27/2020,0
Spain,2/28/2020,0
Spain,2/29/2020,0
Spain,3/1/2020,0
Spain,3/2/2020,0
Spain,3/3/2020,1
Spain,3/4/2020,1
Spain,3/5/2020,1
Spain,3/6/2020,2
Spain,3/7/2020,5
Spain,3/8/2020,7
Spain,3/9/2020,11
Spain,3/10/2020,7
Spain,3/11/2020,19
Spain,3/12/2020,1
Spain,3/13/2020,45
Spain,3/14/2020,95
Spain,3/15/2020,94
Spain,3/16/2020,53
Spain,3/17/2020,191
Spain,3/18/2020,90
Spain,3/19/2020,207
Spain,3/20/2020,213
Spain,3/21/2020,332
Spain,3/22/2020,381
Spain,3/23/2020,555
Spain,3/24/2020,497
Spain,3/25/2020,839
Spain,3/26/2020,718
Spain,3/27/2020,773
Spain,3/28/2020,844
Spain,3/29/2020,821
Spain,3/30/2020,913
Spain,3/31/2020,748
Spain,4/1/2020,923
Spain,4/2/2020,961
Spain,4/3/2020,850
Spain,4/4/2020,749
Spain,4/5/2020,694
Spain,4/6/2020,700
Spain,4/7/2020,704
Spain,4/8/2020,747
Spain,4/9/2020,655
Spain,4/10/2020,634
Spain,4/11/2020,525
Spain,4/12/2020,603
Spain,4/13/2020,547
Spain,4/14/2020,300
Spain,4/15/2020,652
Spain,4/16/2020,607
Spain,4/17/2020,687
Spain,4/18/2020,41
Spain,4/19/2020,410
Spain,4/20/2020,399
Spain,4/21/2020,430
Spain,4/22/2020,435
Spain,4/23/2020,283
Spain,4/24/2020,157
Spain,4/25/2020,367
Spain,4/26/2020,378
Spain,4/27/2020,288
Spain,4/28/2020,331
Spain,4/29/2020,301
Spain,4/30/2020,453
Spain,5/1/2020,268
Spain,5/2/2020,0
Spain,5/3/2020,557
Spain,5/4/2020,164
Spain,5/5/2020,164
Spain,5/6/2020,185
Spain,5/7/2020,244
Spain,5/8/2020,213
Spain,5/9/2020,229
Spain,5/10/2020,179
Spain,5/11/2020,143
Spain,5/12/2020,123
Spain,5/13/2020,176
Spain,5/14/2020,184
Spain,5/15/2020,217
Spain,5/16/2020,138
Spain,5/17/2020,104
Spain,5/18/2020,0
Spain,5/19/2020,146
Spain,5/20/2020,69
Spain,5/21/2020,110
Sweden,2/17/2020,0
Sweden,2/18/2020,0
Sweden,2/19/2020,0
Sweden,2/20/2020,0
Sweden,2/21/2020,0
Sweden,2/22/2020,0
Sweden,2/23/2020,0
Sweden,2/24/2020,0
Sweden,2/25/2020,0
Sweden,2/26/2020,0
Sweden,2/27/2020,0
Sweden,2/28/2020,0
Sweden,2/29/2020,0
Sweden,3/1/2020,0
Sweden,3/2/2020,0
Sweden,3/3/2020,0
Sweden,3/4/2020,0
Sweden,3/5/2020,0
Sweden,3/6/2020,0
Sweden,3/7/2020,0
Sweden,3/8/2020,0
Sweden,3/9/2020,0
Sweden,3/10/2020,0
Sweden,3/11/2020,1
Sweden,3/12/2020,0
Sweden,3/13/2020,0
Sweden,3/14/2020,1
Sweden,3/15/2020,1
Sweden,3/16/2020,3
Sweden,3/17/2020,1
Sweden,3/18/2020,3
Sweden,3/19/2020,1
Sweden,3/20/2020,5
Sweden,3/21/2020,4
Sweden,3/22/2020,1
Sweden,3/23/2020,4
Sweden,3/24/2020,11
Sweden,3/25/2020,26
Sweden,3/26/2020,15
Sweden,3/27/2020,28
Sweden,3/28/2020,0
Sweden,3/29/2020,5
Sweden,3/30/2020,36
Sweden,3/31/2020,34
Sweden,4/1/2020,59
Sweden,4/2/2020,69
Sweden,4/3/2020,50
Sweden,4/4/2020,15
Sweden,4/5/2020,28
Sweden,4/6/2020,76
Sweden,4/7/2020,114
Sweden,4/8/2020,96
Sweden,4/9/2020,106
Sweden,4/10/2020,77
Sweden,4/11/2020,17
Sweden,4/12/2020,12
Sweden,4/13/2020,20
Sweden,4/14/2020,114
Sweden,4/15/2020,170
Sweden,4/16/2020,130
Sweden,4/17/2020,67
Sweden,4/18/2020,111
Sweden,4/19/2020,29
Sweden,4/20/2020,40
Sweden,4/21/2020,185
Sweden,4/22/2020,172
Sweden,4/23/2020,63
Sweden,4/24/2020,21
Sweden,4/25/2020,131
Sweden,4/26/2020,40
Sweden,4/27/2020,2
Sweden,4/28/2020,80
Sweden,4/29/2020,81
Sweden,4/30/2020,107
Sweden,5/1/2020,124
Sweden,5/2/2020,67
Sweden,5/3/2020,16
Sweden,5/4/2020,10
Sweden,5/5/2020,90
Sweden,5/6/2020,85
Sweden,5/7/2020,87
Sweden,5/8/2020,99
Sweden,5/9/2020,135
Sweden,5/10/2020,45
Sweden,5/11/2020,5
Sweden,5/12/2020,31
Sweden,5/13/2020,57
Sweden,5/14/2020,147
Sweden,5/15/2020,69
Sweden,5/16/2020,117
Sweden,5/17/2020,28
Sweden,5/18/2020,5
Sweden,5/19/2020,19
Sweden,5/20/2020,45
Sweden,5/21/2020,88
Switzerland,2/17/2020,0
Switzerland,2/18/2020,0
Switzerland,2/19/2020,0
Switzerland,2/20/2020,0
Switzerland,2/21/2020,0
Switzerland,2/22/2020,0
Switzerland,2/23/2020,0
Switzerland,2/24/2020,0
Switzerland,2/25/2020,0
Switzerland,2/26/2020,0
Switzerland,2/27/2020,0
Switzerland,2/28/2020,0
Switzerland,2/29/2020,0
Switzerland,3/1/2020,0
Switzerland,3/2/2020,0
Switzerland,3/3/2020,0
Switzerland,3/4/2020,0
Switzerland,3/5/2020,1
Switzerland,3/6/2020,0
Switzerland,3/7/2020,0
Switzerland,3/8/2020,1
Switzerland,3/9/2020,0
Switzerland,3/10/2020,1
Switzerland,3/11/2020,1
Switzerland,3/12/2020,2
Switzerland,3/13/2020,3
Switzerland,3/14/2020,4
Switzerland,3/15/2020,1
Switzerland,3/16/2020,5
Switzerland,3/17/2020,8
Switzerland,3/18/2020,1
Switzerland,3/19/2020,13
Switzerland,3/20/2020,13
Switzerland,3/21/2020,21
Switzerland,3/22/2020,23
Switzerland,3/23/2020,22
Switzerland,3/24/2020,2
Switzerland,3/25/2020,31
Switzerland,3/26/2020,38
Switzerland,3/27/2020,40
Switzerland,3/28/2020,33
Switzerland,3/29/2020,36
Switzerland,3/30/2020,59
Switzerland,3/31/2020,74
Switzerland,4/1/2020,55
Switzerland,4/2/2020,48
Switzerland,4/3/2020,55
Switzerland,4/4/2020,75
Switzerland,4/5/2020,49
Switzerland,4/6/2020,50
Switzerland,4/7/2020,56
Switzerland,4/8/2020,74
Switzerland,4/9/2020,53
Switzerland,4/10/2020,54
Switzerland,4/11/2020,34
Switzerland,4/12/2020,70
Switzerland,4/13/2020,32
Switzerland,4/14/2020,36
Switzerland,4/15/2020,65
Switzerland,4/16/2020,42
Switzerland,4/17/2020,46
Switzerland,4/18/2020,41
Switzerland,4/19/2020,25
Switzerland,4/20/2020,36
Switzerland,4/21/2020,49
Switzerland,4/22/2020,31
Switzerland,4/23/2020,14
Switzerland,4/24/2020,26
Switzerland,4/25/2020,40
Switzerland,4/26/2020,10
Switzerland,4/27/2020,11
Switzerland,4/28/2020,55
Switzerland,4/29/2020,34
Switzerland,4/30/2020,17
Switzerland,5/1/2020,21
Switzerland,5/2/2020,17
Switzerland,5/3/2020,8
Switzerland,5/4/2020,0
Switzerland,5/5/2020,22
Switzerland,5/6/2020,11
Switzerland,5/7/2020,10
Switzerland,5/8/2020,5
Switzerland,5/9/2020,13
Switzerland,5/10/2020,7
Switzerland,5/11/2020,3
Switzerland,5/12/2020,12
Switzerland,5/13/2020,22
Switzerland,5/14/2020,3
Switzerland,5/15/2020,2
Switzerland,5/16/2020,6
Switzerland,5/17/2020,1
Switzerland,5/18/2020,2
Switzerland,5/19/2020,5
Switzerland,5/20/2020,5
Switzerland,5/21/2020,1
Taiwan,2/17/2020,0
Taiwan,2/18/2020,0
Taiwan,2/19/2020,0
Taiwan,2/20/2020,0
Taiwan,2/21/2020,0
Taiwan,2/22/2020,0
Taiwan,2/23/2020,0
Taiwan,2/24/2020,0
Taiwan,2/25/2020,0
Taiwan,2/26/2020,0
Taiwan,2/27/2020,0
Taiwan,2/28/2020,0
Taiwan,2/29/2020,0
Taiwan,3/1/2020,0
Taiwan,3/2/2020,0
Taiwan,3/3/2020,0
Taiwan,3/4/2020,0
Taiwan,3/5/2020,0
Taiwan,3/6/2020,0
Taiwan,3/7/2020,0
Taiwan,3/8/2020,0
Taiwan,3/9/2020,0
Taiwan,3/10/2020,0
Taiwan,3/11/2020,0
Taiwan,3/12/2020,0
Taiwan,3/13/2020,0
Taiwan,3/14/2020,0
Taiwan,3/15/2020,0
Taiwan,3/16/2020,0
Taiwan,3/17/2020,0
Taiwan,3/18/2020,0
Taiwan,3/19/2020,0
Taiwan,3/20/2020,1
Taiwan,3/21/2020,0
Taiwan,3/22/2020,0
Taiwan,3/23/2020,0
Taiwan,3/24/2020,0
Taiwan,3/25/2020,0
Taiwan,3/26/2020,0
Taiwan,3/27/2020,0
Taiwan,3/28/2020,0
Taiwan,3/29/2020,0
Taiwan,3/30/2020,3
Taiwan,3/31/2020,0
Taiwan,4/1/2020,0
Taiwan,4/2/2020,0
Taiwan,4/3/2020,0
Taiwan,4/4/2020,0
Taiwan,4/5/2020,0
Taiwan,4/6/2020,0
Taiwan,4/7/2020,0
Taiwan,4/8/2020,0
Taiwan,4/9/2020,0
Taiwan,4/10/2020,1
Taiwan,4/11/2020,0
Taiwan,4/12/2020,0
Taiwan,4/13/2020,0
Taiwan,4/14/2020,0
Taiwan,4/15/2020,0
Taiwan,4/16/2020,0
Taiwan,4/17/2020,0
Taiwan,4/18/2020,0
Taiwan,4/19/2020,0
Taiwan,4/20/2020,0
Taiwan,4/21/2020,0
Taiwan,4/22/2020,0
Taiwan,4/23/2020,0
Taiwan,4/24/2020,0
Taiwan,4/25/2020,0
Taiwan,4/26/2020,0
Taiwan,4/27/2020,0
Taiwan,4/28/2020,0
Taiwan,4/29/2020,0
Taiwan,4/30/2020,0
Taiwan,5/1/2020,0
Taiwan,5/2/2020,0
Taiwan,5/3/2020,0
Taiwan,5/4/2020,0
Taiwan,5/5/2020,0
Taiwan,5/6/2020,0
Taiwan,5/7/2020,0
Taiwan,5/8/2020,0
Taiwan,5/9/2020,0
Taiwan,5/10/2020,0
Taiwan,5/11/2020,1
Taiwan,5/12/2020,0
Taiwan,5/13/2020,0
Taiwan,5/14/2020,0
Taiwan,5/15/2020,0
Taiwan,5/16/2020,0
Taiwan,5/17/2020,0
Taiwan,5/18/2020,0
Taiwan,5/19/2020,0
Taiwan,5/20/2020,0
Taiwan,5/21/2020,0
Thailand,2/17/2020,0
Thailand,2/18/2020,0
Thailand,2/19/2020,0
Thailand,2/20/2020,0
Thailand,2/21/2020,0
Thailand,2/22/2020,0
Thailand,2/23/2020,0
Thailand,2/24/2020,0
Thailand,2/25/2020,0
Thailand,2/26/2020,0
Thailand,2/27/2020,0
Thailand,2/28/2020,0
Thailand,2/29/2020,0
Thailand,3/1/2020,1
Thailand,3/2/2020,0
Thailand,3/3/2020,0
Thailand,3/4/2020,0
Thailand,3/5/2020,0
Thailand,3/6/2020,0
Thailand,3/7/2020,0
Thailand,3/8/2020,0
Thailand,3/9/2020,0
Thailand,3/10/2020,0
Thailand,3/11/2020,0
Thailand,3/12/2020,0
Thailand,3/13/2020,0
Thailand,3/14/2020,0
Thailand,3/15/2020,0
Thailand,3/16/2020,0
Thailand,3/17/2020,0
Thailand,3/18/2020,0
Thailand,3/19/2020,0
Thailand,3/20/2020,0
Thailand,3/21/2020,0
Thailand,3/22/2020,0
Thailand,3/23/2020,0
Thailand,3/24/2020,3
Thailand,3/25/2020,0
Thailand,3/26/2020,0
Thailand,3/27/2020,1
Thailand,3/28/2020,1
Thailand,3/29/2020,1
Thailand,3/30/2020,2
Thailand,3/31/2020,1
Thailand,4/1/2020,2
Thailand,4/2/2020,3
Thailand,4/3/2020,4
Thailand,4/4/2020,1
Thailand,4/5/2020,3
Thailand,4/6/2020,3
Thailand,4/7/2020,1
Thailand,4/8/2020,3
Thailand,4/9/2020,2
Thailand,4/10/2020,1
Thailand,4/11/2020,2
Thailand,4/12/2020,3
Thailand,4/13/2020,2
Thailand,4/14/2020,1
Thailand,4/15/2020,2
Thailand,4/16/2020,3
Thailand,4/17/2020,1
Thailand,4/18/2020,0
Thailand,4/19/2020,0
Thailand,4/20/2020,0
Thailand,4/21/2020,1
Thailand,4/22/2020,1
Thailand,4/23/2020,0
Thailand,4/24/2020,1
Thailand,4/25/2020,1
Thailand,4/26/2020,0
Thailand,4/27/2020,0
Thailand,4/28/2020,1
Thailand,4/29/2020,2
Thailand,4/30/2020,0
Thailand,5/1/2020,0
Thailand,5/2/2020,0
Thailand,5/3/2020,0
Thailand,5/4/2020,0
Thailand,5/5/2020,0
Thailand,5/6/2020,0
Thailand,5/7/2020,1
Thailand,5/8/2020,0
Thailand,5/9/2020,0
Thailand,5/10/2020,1
Thailand,5/11/2020,0
Thailand,5/12/2020,0
Thailand,5/13/2020,0
Thailand,5/14/2020,0
Thailand,5/15/2020,0
Thailand,5/16/2020,0
Thailand,5/17/2020,0
Thailand,5/18/2020,0
Thailand,5/19/2020,0
Thailand,5/20/2020,0
Thailand,5/21/2020,0
Turkey,2/17/2020,0
Turkey,2/18/2020,0
Turkey,2/19/2020,0
Turkey,2/20/2020,0
Turkey,2/21/2020,0
Turkey,2/22/2020,0
Turkey,2/23/2020,0
Turkey,2/24/2020,0
Turkey,2/25/2020,0
Turkey,2/26/2020,0
Turkey,2/27/2020,0
Turkey,2/28/2020,0
Turkey,2/29/2020,0
Turkey,3/1/2020,0
Turkey,3/2/2020,0
Turkey,3/3/2020,0
Turkey,3/4/2020,0
Turkey,3/5/2020,0
Turkey,3/6/2020,0
Turkey,3/7/2020,0
Turkey,3/8/2020,0
Turkey,3/9/2020,0
Turkey,3/10/2020,0
Turkey,3/11/2020,0
Turkey,3/12/2020,0
Turkey,3/13/2020,0
Turkey,3/14/2020,0
Turkey,3/15/2020,0
Turkey,3/16/2020,0
Turkey,3/17/2020,1
Turkey,3/18/2020,0
Turkey,3/19/2020,2
Turkey,3/20/2020,1
Turkey,3/21/2020,5
Turkey,3/22/2020,21
Turkey,3/23/2020,7
Turkey,3/24/2020,7
Turkey,3/25/2020,15
Turkey,3/26/2020,16
Turkey,3/27/2020,17
Turkey,3/28/2020,16
Turkey,3/29/2020,23
Turkey,3/30/2020,37
Turkey,3/31/2020,46
Turkey,4/1/2020,63
Turkey,4/2/2020,79
Turkey,4/3/2020,69
Turkey,4/4/2020,76
Turkey,4/5/2020,73
Turkey,4/6/2020,75
Turkey,4/7/2020,76
Turkey,4/8/2020,87
Turkey,4/9/2020,96
Turkey,4/10/2020,98
Turkey,4/11/2020,95
Turkey,4/12/2020,97
Turkey,4/13/2020,98
Turkey,4/14/2020,107
Turkey,4/15/2020,115
Turkey,4/16/2020,125
Turkey,4/17/2020,126
Turkey,4/18/2020,121
Turkey,4/19/2020,127
Turkey,4/20/2020,123
Turkey,4/21/2020,119
Turkey,4/22/2020,117
Turkey,4/23/2020,54
Turkey,4/24/2020,61
Turkey,4/25/2020,109
Turkey,4/26/2020,106
Turkey,4/27/2020,99
Turkey,4/28/2020,95
Turkey,4/29/2020,92
Turkey,4/30/2020,89
Turkey,5/1/2020,93
Turkey,5/2/2020,84
Turkey,5/3/2020,78
Turkey,5/4/2020,61
Turkey,5/5/2020,64
Turkey,5/6/2020,59
Turkey,5/7/2020,64
Turkey,5/8/2020,57
Turkey,5/9/2020,48
Turkey,5/10/2020,50
Turkey,5/11/2020,47
Turkey,5/12/2020,55
Turkey,5/13/2020,53
Turkey,5/14/2020,58
Turkey,5/15/2020,55
Turkey,5/16/2020,48
Turkey,5/17/2020,41
Turkey,5/18/2020,44
Turkey,5/19/2020,31
Turkey,5/20/2020,28
Turkey,5/21/2020,23
United States,2/17/2020,0
United States,2/18/2020,0
United States,2/19/2020,0
United States,2/20/2020,0
United States,2/21/2020,0
United States,2/22/2020,0
United States,2/23/2020,0
United States,2/24/2020,0
United States,2/25/2020,0
United States,2/26/2020,0
United States,2/27/2020,0
United States,2/28/2020,0
United States,2/29/2020,1
United States,3/1/2020,0
United States,3/2/2020,5
United States,3/3/2020,1
United States,3/4/2020,4
United States,3/5/2020,1
United States,3/6/2020,2
United States,3/7/2020,3
United States,3/8/2020,4
United States,3/9/2020,1
United States,3/10/2020,6
United States,3/11/2020,4
United States,3/12/2020,11
United States,3/13/2020,9
United States,3/14/2020,7
United States,3/15/2020,13
United States,3/16/2020,28
United States,3/17/2020,34
United States,3/18/2020,57
United States,3/19/2020,78
United States,3/20/2020,97
United States,3/21/2020,90
United States,3/22/2020,144
United States,3/23/2020,184
United States,3/24/2020,235
United States,3/25/2020,310
United States,3/26/2020,407
United States,3/27/2020,548
United States,3/28/2020,637
United States,3/29/2020,625
United States,3/30/2020,806
United States,3/31/2020,1216
United States,4/1/2020,1219
United States,4/2/2020,1562
United States,4/3/2020,1297
United States,4/4/2020,1266
United States,4/5/2020,1411
United States,4/6/2020,1662
United States,4/7/2020,2305
United States,4/8/2020,2079
United States,4/9/2020,2046
United States,4/10/2020,2071
United States,4/11/2020,2012
United States,4/12/2020,1740
United States,4/13/2020,1798
United States,4/14/2020,2393
United States,4/15/2020,2515
United States,4/16/2020,2087
United States,4/17/2020,2590
United States,4/18/2020,2345
United States,4/19/2020,1182
United States,4/20/2020,1770
United States,4/21/2020,2396
United States,4/22/2020,2335
United States,4/23/2020,2320
United States,4/24/2020,1777
United States,4/25/2020,2269
United States,4/26/2020,1147
United States,4/27/2020,1340
United States,4/28/2020,2130
United States,4/29/2020,2620
United States,4/30/2020,2039
United States,5/1/2020,1952
United States,5/2/2020,1425
United States,5/3/2020,1322
United States,5/4/2020,1247
United States,5/5/2020,2150
United States,5/6/2020,2388
United States,5/7/2020,2211
United States,5/8/2020,1509
United States,5/9/2020,1627
United States,5/10/2020,734
United States,5/11/2020,1162
United States,5/12/2020,1691
United States,5/13/2020,1743
United States,5/14/2020,1777
United States,5/15/2020,1633
United States,5/16/2020,1222
United States,5/17/2020,809
United States,5/18/2020,790
United States,5/19/2020,1569
United States,5/20/2020,1523
United States,5/21/2020,1245
Australia,2/17/2020,0
Australia,2/18/2020,0
Australia,2/19/2020,0
Australia,2/20/2020,0
Australia,2/21/2020,0
Australia,2/22/2020,0
Australia,2/23/2020,0
Australia,2/24/2020,0
Australia,2/25/2020,0
Australia,2/26/2020,0
Australia,2/27/2020,0
Australia,2/28/2020,0
Australia,2/29/2020,0
Australia,3/1/2020,1
Australia,3/2/2020,0
Australia,3/3/2020,0
Australia,3/4/2020,1
Australia,3/5/2020,0
Australia,3/6/2020,0
Australia,3/7/2020,0
Australia,3/8/2020,1
Australia,3/9/2020,0
Australia,3/10/2020,0
Australia,3/11/2020,0
Australia,3/12/2020,0
Australia,3/13/2020,0
Australia,3/14/2020,0
Australia,3/15/2020,0
Australia,3/16/2020,0
Australia,3/17/2020,2
Australia,3/18/2020,1
Australia,3/19/2020,0
Australia,3/20/2020,1
Australia,3/21/2020,0
Australia,3/22/2020,0
Australia,3/23/2020,0
Australia,3/24/2020,1
Australia,3/25/2020,0
Australia,3/26/2020,5
Australia,3/27/2020,0
Australia,3/28/2020,1
Australia,3/29/2020,2
Australia,3/30/2020,1
Australia,3/31/2020,1
Australia,4/1/2020,2
Australia,4/2/2020,4
Australia,4/3/2020,4
Australia,4/4/2020,2
Australia,4/5/2020,5
Australia,4/6/2020,5
Australia,4/7/2020,5
Australia,4/8/2020,5
Australia,4/9/2020,1
Australia,4/10/2020,3
Australia,4/11/2020,3
Australia,4/12/2020,3
Australia,4/13/2020,1
Australia,4/14/2020,1
Australia,4/15/2020,1
Australia,4/16/2020,0
Australia,4/17/2020,3
Australia,4/18/2020,1
Australia,4/19/2020,0
Australia,4/20/2020,0
Australia,4/21/2020,0
Australia,4/22/2020,0
Australia,4/23/2020,8
Australia,4/24/2020,4
Australia,4/25/2020,1
Australia,4/26/2020,3
Australia,4/27/2020,0
Australia,4/28/2020,6
Australia,4/29/2020,2
Australia,4/30/2020,2
Australia,5/1/2020,0
Australia,5/2/2020,1
Australia,5/3/2020,1
Australia,5/4/2020,1
Australia,5/5/2020,1
Australia,5/6/2020,0
Australia,5/7/2020,0
Australia,5/8/2020,0
Australia,5/9/2020,0
Australia,5/10/2020,0
Australia,5/11/2020,0
Australia,5/12/2020,1
Australia,5/13/2020,0
Australia,5/14/2020,0
Australia,5/15/2020,0
Australia,5/16/2020,0
Australia,5/17/2020,1
Australia,5/18/2020,0
Australia,5/19/2020,1
Australia,5/20/2020,0
Australia,5/21/2020,1
New Zealand,2/17/2020,0
New Zealand,2/18/2020,0
New Zealand,2/19/2020,0
New Zealand,2/20/2020,0
New Zealand,2/21/2020,0
New Zealand,2/22/2020,0
New Zealand,2/23/2020,0
New Zealand,2/24/2020,0
New Zealand,2/25/2020,0
New Zealand,2/26/2020,0
New Zealand,2/27/2020,0
New Zealand,2/28/2020,0
New Zealand,2/29/2020,0
New Zealand,3/1/2020,0
New Zealand,3/2/2020,0
New Zealand,3/3/2020,0
New Zealand,3/4/2020,0
New Zealand,3/5/2020,0
New Zealand,3/6/2020,0
New Zealand,3/7/2020,0
New Zealand,3/8/2020,0
New Zealand,3/9/2020,0
New Zealand,3/10/2020,0
New Zealand,3/11/2020,0
New Zealand,3/12/2020,0
New Zealand,3/13/2020,0
New Zealand,3/14/2020,0
New Zealand,3/15/2020,0
New Zealand,3/16/2020,0
New Zealand,3/17/2020,0
New Zealand,3/18/2020,0
New Zealand,3/19/2020,0
New Zealand,3/20/2020,0
New Zealand,3/21/2020,0
New Zealand,3/22/2020,0
New Zealand,3/23/2020,0
New Zealand,3/24/2020,0
New Zealand,3/25/2020,0
New Zealand,3/26/2020,0
New Zealand,3/27/2020,0
New Zealand,3/28/2020,0
New Zealand,3/29/2020,1
New Zealand,3/30/2020,0
New Zealand,3/31/2020,0
New Zealand,4/1/2020,0
New Zealand,4/2/2020,0
New Zealand,4/3/2020,0
New Zealand,4/4/2020,0
New Zealand,4/5/2020,0
New Zealand,4/6/2020,0
New Zealand,4/7/2020,0
New Zealand,4/8/2020,0
New Zealand,4/9/2020,0
New Zealand,4/10/2020,1
New Zealand,4/11/2020,2
New Zealand,4/12/2020,0
New Zealand,4/13/2020,1
New Zealand,4/14/2020,4
New Zealand,4/15/2020,0
New Zealand,4/16/2020,0
New Zealand,4/17/2020,2
New Zealand,4/18/2020,0
New Zealand,4/19/2020,1
New Zealand,4/20/2020,0
New Zealand,4/21/2020,1
New Zealand,4/22/2020,1
New Zealand,4/23/2020,3
New Zealand,4/24/2020,1
New Zealand,4/25/2020,0
New Zealand,4/26/2020,1
New Zealand,4/27/2020,0
New Zealand,4/28/2020,0
New Zealand,4/29/2020,0
New Zealand,4/30/2020,0
New Zealand,5/1/2020,1
New Zealand,5/2/2020,0
New Zealand,5/3/2020,0
New Zealand,5/4/2020,0
New Zealand,5/5/2020,1
New Zealand,5/6/2020,0
New Zealand,5/7/2020,0
New Zealand,5/8/2020,0
New Zealand,5/9/2020,0
New Zealand,5/10/2020,0
New Zealand,5/11/2020,0
New Zealand,5/12/2020,0
New Zealand,5/13/2020,0
New Zealand,5/14/2020,0
New Zealand,5/15/2020,0
New Zealand,5/16/2020,0
New Zealand,5/17/2020,0
New Zealand,5/18/2020,0
New Zealand,5/19/2020,0
New Zealand,5/20/2020,0
New Zealand,5/21/2020,0
United Kingdom,2/17/2020,0
United Kingdom,2/18/2020,0
United Kingdom,2/19/2020,0
United Kingdom,2/20/2020,0
United Kingdom,2/21/2020,0
United Kingdom,2/22/2020,0
United Kingdom,2/23/2020,0
United Kingdom,2/24/2020,0
United Kingdom,2/25/2020,0
United Kingdom,2/26/2020,0
United Kingdom,2/27/2020,0
United Kingdom,2/28/2020,0
United Kingdom,2/29/2020,0
United Kingdom,3/1/2020,0
United Kingdom,3/2/2020,0
United Kingdom,3/3/2020,0
United Kingdom,3/4/2020,0
United Kingdom,3/5/2020,0
United Kingdom,3/6/2020,1
United Kingdom,3/7/2020,1
United Kingdom,3/8/2020,0
United Kingdom,3/9/2020,1
United Kingdom,3/10/2020,4
United Kingdom,3/11/2020,0
United Kingdom,3/12/2020,2
United Kingdom,3/13/2020,1
United Kingdom,3/14/2020,18
United Kingdom,3/15/2020,15
United Kingdom,3/16/2020,22
United Kingdom,3/17/2020,16
United Kingdom,3/18/2020,34
United Kingdom,3/19/2020,43
United Kingdom,3/20/2020,36
United Kingdom,3/21/2020,56
United Kingdom,3/22/2020,35
United Kingdom,3/23/2020,74
United Kingdom,3/24/2020,149
United Kingdom,3/25/2020,186
United Kingdom,3/26/2020,183
United Kingdom,3/27/2020,284
United Kingdom,3/28/2020,294
United Kingdom,3/29/2020,214
United Kingdom,3/30/2020,374
United Kingdom,3/31/2020,382
United Kingdom,4/1/2020,670
United Kingdom,4/2/2020,652
United Kingdom,4/3/2020,714
United Kingdom,4/4/2020,760
United Kingdom,4/5/2020,644
United Kingdom,4/6/2020,568
United Kingdom,4/7/2020,1038
United Kingdom,4/8/2020,1034
United Kingdom,4/9/2020,1103
United Kingdom,4/10/2020,1152
United Kingdom,4/11/2020,839
United Kingdom,4/12/2020,686
United Kingdom,4/13/2020,744
United Kingdom,4/14/2020,1044
United Kingdom,4/15/2020,842
United Kingdom,4/16/2020,1029
United Kingdom,4/17/2020,935
United Kingdom,4/18/2020,1115
United Kingdom,4/19/2020,498
United Kingdom,4/20/2020,559
United Kingdom,4/21/2020,1172
United Kingdom,4/22/2020,837
United Kingdom,4/23/2020,727
United Kingdom,4/24/2020,1005
United Kingdom,4/25/2020,843
United Kingdom,4/26/2020,420
United Kingdom,4/27/2020,338
United Kingdom,4/28/2020,909
United Kingdom,4/29/2020,795
United Kingdom,4/30/2020,674
United Kingdom,5/1/2020,739
United Kingdom,5/2/2020,621
United Kingdom,5/3/2020,315
United Kingdom,5/4/2020,288
United Kingdom,5/5/2020,693
United Kingdom,5/6/2020,649
United Kingdom,5/7/2020,539
United Kingdom,5/8/2020,626
United Kingdom,5/9/2020,346
United Kingdom,5/10/2020,268
United Kingdom,5/11/2020,210
United Kingdom,5/12/2020,627
United Kingdom,5/13/2020,494
United Kingdom,5/14/2020,428
United Kingdom,5/15/2020,384
United Kingdom,5/16/2020,468
United Kingdom,5/17/2020,170
United Kingdom,5/18/2020,160
United Kingdom,5/19/2020,545
United Kingdom,5/20/2020,363
United Kingdom,5/21/2020,338
United Kingdom,5/22/2020,351
United Kingdom,5/23/2020,282
United Kingdom,5/24/2020,118
